occupancy,anyCP,CDIFF,tick
20,3.0,1.0,90.0
19,3.0,1.0,91.0
20,3.0,2.0,92.0
15,1.0,2.0,93.0
14,1.0,2.0,94.0
19,1.0,3.0,95.0
19,1.0,3.0,96.0
20,2.0,3.0,97.0
17,3.0,3.0,98.0
18,4.0,2.0,99.0
18,7.0,2.0,100.0
18,6.0,1.0,101.0
17,5.0,1.0,102.0
20,7.0,1.0,103.0
18,5.0,1.0,104.0
14,5.0,1.0,105.0
9,4.0,0.0,106.0
11,4.0,0.0,107.0
12,3.0,0.0,108.0
11,2.0,1.0,109.0
12,3.0,1.0,110.0
15,3.0,1.0,111.0
18,4.0,1.0,112.0
18,4.0,1.0,113.0
16,4.0,1.0,114.0
18,4.0,1.0,115.0
17,3.0,1.0,116.0
16,3.0,1.0,117.0
20,3.0,1.0,118.0
17,3.0,0.0,119.0
19,4.0,0.0,120.0
16,2.0,0.0,121.0
18,1.0,0.0,122.0
20,4.0,0.0,123.0
17,3.0,0.0,124.0
19,2.0,0.0,125.0
18,2.0,0.0,126.0
18,2.0,0.0,127.0
20,2.0,0.0,128.0
16,1.0,0.0,129.0
20,2.0,0.0,130.0
20,3.0,0.0,131.0
17,3.0,0.0,132.0
19,4.0,0.0,133.0
20,3.0,0.0,134.0
18,4.0,0.0,135.0
17,3.0,0.0,136.0
20,5.0,0.0,137.0
19,4.0,0.0,138.0
20,4.0,0.0,139.0
20,4.0,0.0,140.0
17,3.0,0.0,141.0
20,5.0,0.0,142.0
19,4.0,0.0,143.0
20,4.0,0.0,144.0
20,4.0,0.0,145.0
19,2.0,0.0,146.0
16,2.0,0.0,147.0
19,5.0,0.0,148.0
16,4.0,0.0,149.0
14,3.0,0.0,150.0
20,4.0,0.0,151.0
13,3.0,0.0,152.0
17,3.0,0.0,153.0
19,3.0,0.0,154.0
13,5.0,0.0,155.0
15,5.0,0.0,156.0
16,4.0,0.0,157.0
18,4.0,0.0,158.0
19,6.0,0.0,159.0
16,4.0,0.0,160.0
16,4.0,0.0,161.0
18,5.0,0.0,162.0
20,6.0,0.0,163.0
20,5.0,0.0,164.0
17,4.0,0.0,165.0
19,3.0,0.0,166.0
20,2.0,0.0,167.0
20,4.0,0.0,168.0
19,4.0,0.0,169.0
18,3.0,0.0,170.0
16,4.0,0.0,171.0
19,4.0,0.0,172.0
17,4.0,0.0,173.0
19,3.0,0.0,174.0
20,2.0,0.0,175.0
20,1.0,0.0,176.0
19,1.0,0.0,177.0
17,1.0,0.0,178.0
19,2.0,0.0,179.0
17,1.0,0.0,180.0
17,1.0,0.0,181.0
17,1.0,0.0,182.0
15,2.0,0.0,183.0
18,2.0,0.0,184.0
16,2.0,0.0,185.0
20,3.0,0.0,186.0
16,3.0,0.0,187.0
12,4.0,0.0,188.0
14,3.0,0.0,189.0
15,3.0,0.0,190.0
14,2.0,0.0,191.0
20,3.0,0.0,192.0
20,3.0,0.0,193.0
16,4.0,0.0,194.0
18,5.0,0.0,195.0
19,5.0,0.0,196.0
15,1.0,0.0,197.0
15,1.0,0.0,198.0
15,4.0,0.0,199.0
18,5.0,0.0,200.0
20,5.0,0.0,201.0
19,4.0,0.0,202.0
20,4.0,0.0,203.0
20,5.0,0.0,204.0
19,4.0,0.0,205.0
19,4.0,0.0,206.0
19,4.0,0.0,207.0
20,3.0,0.0,208.0
18,2.0,0.0,209.0
19,2.0,0.0,210.0
20,3.0,0.0,211.0
18,2.0,0.0,212.0
17,3.0,0.0,213.0
19,4.0,0.0,214.0
20,3.0,0.0,215.0
17,4.0,0.0,216.0
19,4.0,0.0,217.0
17,5.0,0.0,218.0
20,4.0,0.0,219.0
19,3.0,0.0,220.0
16,3.0,0.0,221.0
18,2.0,0.0,222.0
19,4.0,0.0,223.0
20,4.0,0.0,224.0
20,5.0,0.0,225.0
19,5.0,0.0,226.0
17,4.0,0.0,227.0
14,5.0,0.0,228.0
16,5.0,0.0,229.0
15,4.0,0.0,230.0
20,6.0,0.0,231.0
19,4.0,0.0,232.0
17,4.0,0.0,233.0
19,4.0,0.0,234.0
18,5.0,0.0,235.0
16,4.0,0.0,236.0
19,6.0,0.0,237.0
20,6.0,0.0,238.0
20,6.0,0.0,239.0
18,3.0,0.0,240.0
15,3.0,0.0,241.0
20,6.0,0.0,242.0
17,4.0,0.0,243.0
15,5.0,0.0,244.0
19,6.0,0.0,245.0
19,6.0,0.0,246.0
18,5.0,0.0,247.0
18,4.0,0.0,248.0
18,4.0,0.0,249.0
20,4.0,0.0,250.0
19,3.0,0.0,251.0
20,3.0,0.0,252.0
15,3.0,0.0,253.0
16,2.0,0.0,254.0
19,1.0,0.0,255.0
20,1.0,0.0,256.0
20,0.0,0.0,257.0
11,0.0,0.0,258.0
11,0.0,0.0,259.0
10,1.0,0.0,260.0
13,1.0,0.0,261.0
13,2.0,0.0,262.0
10,1.0,0.0,263.0
12,2.0,0.0,264.0
10,3.0,0.0,265.0
14,4.0,0.0,266.0
20,6.0,0.0,267.0
15,5.0,0.0,268.0
15,4.0,0.0,269.0
16,4.0,0.0,270.0
15,4.0,0.0,271.0
10,1.0,0.0,272.0
11,4.0,0.0,273.0
15,4.0,0.0,274.0
20,5.0,0.0,275.0
19,4.0,0.0,276.0
18,2.0,0.0,277.0
19,1.0,0.0,278.0
15,0.0,0.0,279.0
20,1.0,0.0,280.0
20,0.0,0.0,281.0
19,2.0,0.0,282.0
13,2.0,0.0,283.0
11,0.0,0.0,284.0
12,1.0,0.0,285.0
11,2.0,0.0,286.0
13,3.0,0.0,287.0
15,1.0,0.0,288.0
18,1.0,0.0,289.0
20,3.0,0.0,290.0
17,4.0,0.0,291.0
18,4.0,0.0,292.0
19,4.0,0.0,293.0
17,4.0,0.0,294.0
20,5.0,0.0,295.0
20,4.0,0.0,296.0
19,5.0,0.0,297.0
17,3.0,0.0,298.0
20,3.0,0.0,299.0
18,3.0,0.0,300.0
17,4.0,0.0,301.0
20,7.0,0.0,302.0
16,4.0,0.0,303.0
20,3.0,0.0,304.0
19,2.0,0.0,305.0
19,3.0,0.0,306.0
19,0.0,0.0,307.0
20,1.0,0.0,308.0
18,1.0,0.0,309.0
20,4.0,0.0,310.0
18,4.0,0.0,311.0
20,3.0,0.0,312.0
20,2.0,0.0,313.0
19,1.0,0.0,314.0
20,1.0,0.0,315.0
19,2.0,0.0,316.0
17,1.0,0.0,317.0
16,1.0,0.0,318.0
18,1.0,0.0,319.0
14,1.0,0.0,320.0
20,1.0,0.0,321.0
17,0.0,0.0,322.0
18,0.0,0.0,323.0
15,2.0,0.0,324.0
20,5.0,0.0,325.0
20,4.0,0.0,326.0
15,3.0,0.0,327.0
16,5.0,0.0,328.0
18,7.0,0.0,329.0
19,6.0,0.0,330.0
15,3.0,0.0,331.0
19,5.0,0.0,332.0
19,4.0,0.0,333.0
15,2.0,0.0,334.0
19,1.0,0.0,335.0
16,1.0,0.0,336.0
15,3.0,0.0,337.0
19,3.0,0.0,338.0
20,5.0,0.0,339.0
20,5.0,0.0,340.0
20,4.0,0.0,341.0
19,3.0,0.0,342.0
20,5.0,0.0,343.0
20,5.0,0.0,344.0
20,4.0,0.0,345.0
20,3.0,0.0,346.0
20,4.0,0.0,347.0
18,3.0,0.0,348.0
15,2.0,0.0,349.0
18,5.0,0.0,350.0
18,6.0,0.0,351.0
20,7.0,0.0,352.0
18,7.0,0.0,353.0
19,5.0,0.0,354.0
19,3.0,0.0,355.0
19,5.0,0.0,356.0
19,3.0,0.0,357.0
16,3.0,0.0,358.0
17,5.0,0.0,359.0
20,5.0,0.0,360.0
20,5.0,0.0,361.0
18,5.0,0.0,362.0
18,3.0,0.0,363.0
18,3.0,0.0,364.0
18,5.0,0.0,365.0
16,3.0,0.0,90.0
17,4.0,0.0,91.0
20,5.0,0.0,92.0
19,6.0,0.0,93.0
20,5.0,0.0,94.0
17,6.0,0.0,95.0
20,8.0,0.0,96.0
19,7.0,0.0,97.0
19,5.0,0.0,98.0
18,4.0,0.0,99.0
17,4.0,0.0,100.0
18,3.0,0.0,101.0
15,4.0,0.0,102.0
20,3.0,0.0,103.0
16,4.0,0.0,104.0
18,4.0,0.0,105.0
12,2.0,0.0,106.0
12,1.0,0.0,107.0
10,0.0,0.0,108.0
18,3.0,0.0,109.0
17,2.0,0.0,110.0
17,3.0,0.0,111.0
16,3.0,0.0,112.0
20,4.0,0.0,113.0
20,3.0,0.0,114.0
13,2.0,0.0,115.0
13,4.0,0.0,116.0
15,5.0,0.0,117.0
15,3.0,0.0,118.0
17,5.0,0.0,119.0
20,5.0,0.0,120.0
19,3.0,0.0,121.0
19,3.0,0.0,122.0
16,1.0,0.0,123.0
20,1.0,0.0,124.0
16,1.0,0.0,125.0
17,1.0,0.0,126.0
19,2.0,0.0,127.0
19,2.0,0.0,128.0
20,1.0,0.0,129.0
19,3.0,0.0,130.0
17,3.0,0.0,131.0
16,2.0,0.0,132.0
16,3.0,0.0,133.0
18,3.0,0.0,134.0
15,3.0,0.0,135.0
16,2.0,0.0,136.0
17,4.0,0.0,137.0
15,2.0,0.0,138.0
11,1.0,0.0,139.0
15,3.0,0.0,140.0
18,3.0,0.0,141.0
13,4.0,0.0,142.0
17,4.0,0.0,143.0
19,6.0,0.0,144.0
19,7.0,0.0,145.0
18,6.0,0.0,146.0
20,6.0,0.0,147.0
18,5.0,0.0,148.0
19,6.0,0.0,149.0
20,7.0,0.0,150.0
20,8.0,0.0,151.0
20,6.0,0.0,152.0
19,6.0,0.0,153.0
20,6.0,0.0,154.0
19,9.0,0.0,155.0
20,9.0,0.0,156.0
18,10.0,0.0,157.0
18,8.0,0.0,158.0
19,7.0,0.0,159.0
19,7.0,0.0,160.0
13,2.0,0.0,161.0
17,2.0,0.0,162.0
17,2.0,0.0,163.0
14,2.0,0.0,164.0
16,3.0,0.0,165.0
18,3.0,0.0,166.0
20,4.0,0.0,167.0
20,4.0,0.0,168.0
20,2.0,0.0,169.0
17,3.0,0.0,170.0
16,4.0,0.0,171.0
16,4.0,0.0,172.0
15,4.0,0.0,173.0
20,5.0,0.0,174.0
19,4.0,0.0,175.0
19,4.0,0.0,176.0
15,3.0,0.0,177.0
17,3.0,0.0,178.0
16,4.0,0.0,179.0
15,4.0,0.0,180.0
18,5.0,0.0,181.0
16,3.0,0.0,182.0
16,4.0,0.0,183.0
19,5.0,0.0,184.0
20,6.0,0.0,185.0
18,4.0,0.0,186.0
20,3.0,0.0,187.0
20,3.0,0.0,188.0
19,2.0,0.0,189.0
18,2.0,0.0,190.0
19,4.0,0.0,191.0
17,4.0,0.0,192.0
14,3.0,0.0,193.0
16,4.0,0.0,194.0
17,2.0,0.0,195.0
16,1.0,0.0,196.0
14,1.0,0.0,197.0
14,1.0,0.0,198.0
17,1.0,0.0,199.0
20,3.0,0.0,200.0
19,6.0,0.0,201.0
17,5.0,0.0,202.0
19,10.0,0.0,203.0
18,8.0,0.0,204.0
17,7.0,0.0,205.0
17,8.0,0.0,206.0
19,8.0,0.0,207.0
17,7.0,0.0,208.0
16,5.0,0.0,209.0
19,5.0,0.0,210.0
18,3.0,0.0,211.0
19,4.0,0.0,212.0
20,5.0,0.0,213.0
20,4.0,0.0,214.0
18,3.0,0.0,215.0
16,3.0,0.0,216.0
19,5.0,0.0,217.0
20,6.0,0.0,218.0
20,5.0,0.0,219.0
18,5.0,0.0,220.0
20,5.0,0.0,221.0
20,4.0,0.0,222.0
19,3.0,0.0,223.0
20,4.0,0.0,224.0
20,3.0,0.0,225.0
19,2.0,0.0,226.0
19,2.0,0.0,227.0
19,2.0,0.0,228.0
13,2.0,0.0,229.0
15,3.0,0.0,230.0
20,3.0,0.0,231.0
19,4.0,0.0,232.0
19,4.0,0.0,233.0
19,4.0,0.0,234.0
20,5.0,0.0,235.0
19,4.0,0.0,236.0
14,3.0,0.0,237.0
20,4.0,0.0,238.0
18,6.0,0.0,239.0
19,6.0,0.0,240.0
19,2.0,0.0,241.0
19,2.0,0.0,242.0
18,4.0,0.0,243.0
20,5.0,0.0,244.0
20,5.0,0.0,245.0
20,5.0,0.0,246.0
15,3.0,0.0,247.0
19,3.0,0.0,248.0
20,5.0,0.0,249.0
19,5.0,0.0,250.0
20,4.0,0.0,251.0
19,5.0,0.0,252.0
16,5.0,0.0,253.0
17,5.0,0.0,254.0
15,6.0,0.0,255.0
19,5.0,0.0,256.0
19,5.0,0.0,257.0
18,4.0,0.0,258.0
17,3.0,0.0,259.0
19,3.0,0.0,260.0
20,3.0,0.0,261.0
18,3.0,0.0,262.0
19,4.0,0.0,263.0
18,3.0,0.0,264.0
19,6.0,0.0,265.0
18,5.0,0.0,266.0
18,2.0,0.0,267.0
20,3.0,0.0,268.0
19,3.0,0.0,269.0
18,2.0,0.0,270.0
19,6.0,0.0,271.0
15,3.0,0.0,272.0
20,5.0,0.0,273.0
19,6.0,0.0,274.0
20,4.0,0.0,275.0
17,3.0,0.0,276.0
18,2.0,0.0,277.0
20,1.0,0.0,278.0
19,4.0,0.0,279.0
17,3.0,0.0,280.0
20,4.0,0.0,281.0
16,3.0,0.0,282.0
16,1.0,0.0,283.0
17,1.0,0.0,284.0
20,2.0,0.0,285.0
17,4.0,0.0,286.0
15,2.0,0.0,287.0
18,1.0,0.0,288.0
19,2.0,0.0,289.0
15,2.0,0.0,290.0
15,2.0,0.0,291.0
17,1.0,0.0,292.0
16,1.0,0.0,293.0
17,3.0,0.0,294.0
17,3.0,0.0,295.0
15,3.0,0.0,296.0
16,4.0,0.0,297.0
13,4.0,0.0,298.0
19,4.0,0.0,299.0
20,3.0,0.0,300.0
15,3.0,0.0,301.0
15,2.0,0.0,302.0
19,3.0,0.0,303.0
15,3.0,0.0,304.0
16,2.0,0.0,305.0
18,2.0,0.0,306.0
20,3.0,0.0,307.0
19,2.0,0.0,308.0
17,2.0,0.0,309.0
17,2.0,0.0,310.0
19,2.0,0.0,311.0
16,3.0,0.0,312.0
11,3.0,0.0,313.0
11,5.0,0.0,314.0
8,3.0,0.0,315.0
9,3.0,0.0,316.0
14,3.0,0.0,317.0
18,2.0,0.0,318.0
17,0.0,0.0,319.0
17,2.0,0.0,320.0
17,2.0,0.0,321.0
19,4.0,0.0,322.0
19,4.0,0.0,323.0
19,3.0,0.0,324.0
20,4.0,0.0,325.0
18,4.0,0.0,326.0
19,4.0,0.0,327.0
20,4.0,0.0,328.0
19,4.0,0.0,329.0
20,6.0,0.0,330.0
19,6.0,0.0,331.0
19,7.0,0.0,332.0
19,6.0,0.0,333.0
18,6.0,0.0,334.0
16,7.0,0.0,335.0
16,2.0,0.0,336.0
20,3.0,0.0,337.0
20,3.0,0.0,338.0
20,3.0,0.0,339.0
20,4.0,0.0,340.0
19,5.0,0.0,341.0
20,3.0,0.0,342.0
20,2.0,0.0,343.0
19,4.0,0.0,344.0
16,2.0,0.0,345.0
16,2.0,0.0,346.0
18,2.0,0.0,347.0
18,2.0,0.0,348.0
19,3.0,0.0,349.0
17,3.0,0.0,350.0
18,3.0,0.0,351.0
19,4.0,0.0,352.0
19,2.0,0.0,353.0
20,3.0,0.0,354.0
20,4.0,0.0,355.0
20,4.0,0.0,356.0
19,4.0,0.0,357.0
20,5.0,0.0,358.0
18,2.0,0.0,359.0
20,2.0,0.0,360.0
17,3.0,0.0,361.0
18,2.0,0.0,362.0
20,4.0,0.0,363.0
20,2.0,0.0,364.0
19,3.0,0.0,365.0
19,3.0,0.0,90.0
20,2.0,0.0,91.0
16,3.0,0.0,92.0
19,4.0,0.0,93.0
18,4.0,0.0,94.0
20,5.0,0.0,95.0
19,8.0,0.0,96.0
16,7.0,0.0,97.0
18,7.0,0.0,98.0
16,3.0,0.0,99.0
16,4.0,0.0,100.0
17,6.0,0.0,101.0
17,5.0,0.0,102.0
20,5.0,0.0,103.0
20,5.0,0.0,104.0
19,4.0,0.0,105.0
20,3.0,0.0,106.0
20,3.0,0.0,107.0
20,2.0,0.0,108.0
19,3.0,0.0,109.0
18,3.0,0.0,110.0
20,4.0,0.0,111.0
20,4.0,0.0,112.0
19,4.0,0.0,113.0
20,4.0,0.0,114.0
17,3.0,0.0,115.0
17,4.0,0.0,116.0
20,5.0,0.0,117.0
17,5.0,0.0,118.0
17,3.0,0.0,119.0
18,3.0,0.0,120.0
19,3.0,0.0,121.0
20,3.0,0.0,122.0
18,1.0,0.0,123.0
20,2.0,0.0,124.0
19,2.0,0.0,125.0
18,3.0,0.0,126.0
17,5.0,0.0,127.0
16,4.0,0.0,128.0
16,3.0,0.0,129.0
20,4.0,0.0,130.0
17,2.0,0.0,131.0
18,3.0,0.0,132.0
20,7.0,0.0,133.0
18,5.0,0.0,134.0
14,5.0,0.0,135.0
19,5.0,0.0,136.0
19,5.0,0.0,137.0
20,6.0,0.0,138.0
17,5.0,0.0,139.0
17,3.0,0.0,140.0
18,2.0,0.0,141.0
18,2.0,0.0,142.0
16,2.0,0.0,143.0
20,5.0,0.0,144.0
16,4.0,0.0,145.0
16,5.0,0.0,146.0
16,6.0,0.0,147.0
18,7.0,0.0,148.0
16,4.0,0.0,149.0
14,3.0,0.0,150.0
13,3.0,0.0,151.0
13,4.0,0.0,152.0
17,3.0,0.0,153.0
17,1.0,0.0,154.0
16,2.0,0.0,155.0
16,1.0,0.0,156.0
19,3.0,0.0,157.0
17,2.0,0.0,158.0
20,5.0,0.0,159.0
15,4.0,0.0,160.0
17,4.0,0.0,161.0
18,3.0,0.0,162.0
19,5.0,0.0,163.0
17,5.0,0.0,164.0
15,3.0,0.0,165.0
17,4.0,0.0,166.0
19,4.0,0.0,167.0
18,4.0,0.0,168.0
20,3.0,0.0,169.0
20,4.0,0.0,170.0
18,4.0,0.0,171.0
20,6.0,0.0,172.0
20,7.0,0.0,173.0
18,5.0,0.0,174.0
14,4.0,0.0,175.0
19,4.0,0.0,176.0
20,4.0,0.0,177.0
17,3.0,0.0,178.0
16,2.0,0.0,179.0
20,5.0,0.0,180.0
20,5.0,0.0,181.0
20,6.0,0.0,182.0
19,5.0,0.0,183.0
20,5.0,0.0,184.0
20,3.0,0.0,185.0
20,3.0,0.0,186.0
20,3.0,0.0,187.0
19,4.0,0.0,188.0
20,5.0,0.0,189.0
20,2.0,0.0,190.0
17,2.0,0.0,191.0
19,3.0,0.0,192.0
19,2.0,0.0,193.0
20,2.0,0.0,194.0
20,2.0,0.0,195.0
19,3.0,0.0,196.0
20,2.0,0.0,197.0
20,2.0,0.0,198.0
16,4.0,0.0,199.0
16,2.0,0.0,200.0
17,2.0,0.0,201.0
18,4.0,0.0,202.0
18,4.0,0.0,203.0
15,3.0,0.0,204.0
20,3.0,0.0,205.0
17,1.0,0.0,206.0
18,2.0,0.0,207.0
20,1.0,0.0,208.0
19,1.0,0.0,209.0
18,1.0,0.0,210.0
16,3.0,0.0,211.0
14,2.0,0.0,212.0
20,3.0,0.0,213.0
19,3.0,0.0,214.0
19,3.0,0.0,215.0
20,2.0,0.0,216.0
20,4.0,0.0,217.0
15,2.0,0.0,218.0
20,3.0,0.0,219.0
20,4.0,0.0,220.0
18,4.0,0.0,221.0
18,3.0,0.0,222.0
17,5.0,0.0,223.0
18,5.0,0.0,224.0
19,3.0,0.0,225.0
18,2.0,0.0,226.0
20,3.0,0.0,227.0
19,3.0,0.0,228.0
15,2.0,0.0,229.0
20,4.0,0.0,230.0
20,4.0,0.0,231.0
16,3.0,0.0,232.0
19,4.0,0.0,233.0
19,4.0,0.0,234.0
17,2.0,0.0,235.0
16,1.0,0.0,236.0
17,1.0,0.0,237.0
19,1.0,0.0,238.0
20,2.0,0.0,239.0
16,3.0,0.0,240.0
15,2.0,0.0,241.0
20,3.0,0.0,242.0
19,3.0,0.0,243.0
19,3.0,0.0,244.0
20,3.0,0.0,245.0
20,2.0,0.0,246.0
18,3.0,0.0,247.0
20,3.0,0.0,248.0
17,1.0,0.0,249.0
20,1.0,0.0,250.0
19,2.0,0.0,251.0
20,2.0,0.0,252.0
20,1.0,0.0,253.0
19,4.0,0.0,254.0
19,4.0,0.0,255.0
17,2.0,0.0,256.0
20,2.0,0.0,257.0
17,3.0,0.0,258.0
20,3.0,0.0,259.0
20,3.0,0.0,260.0
20,5.0,0.0,261.0
18,4.0,0.0,262.0
19,6.0,0.0,263.0
18,5.0,0.0,264.0
20,2.0,0.0,265.0
19,0.0,0.0,266.0
19,2.0,0.0,267.0
14,1.0,0.0,268.0
12,1.0,0.0,269.0
16,2.0,0.0,270.0
19,2.0,0.0,271.0
19,4.0,0.0,272.0
20,5.0,0.0,273.0
20,5.0,0.0,274.0
18,4.0,0.0,275.0
17,3.0,0.0,276.0
19,4.0,0.0,277.0
20,2.0,0.0,278.0
14,2.0,0.0,279.0
12,2.0,0.0,280.0
12,2.0,0.0,281.0
17,2.0,0.0,282.0
18,2.0,0.0,283.0
15,2.0,0.0,284.0
18,5.0,0.0,285.0
19,5.0,0.0,286.0
20,2.0,0.0,287.0
16,1.0,0.0,288.0
13,0.0,0.0,289.0
13,2.0,0.0,290.0
17,6.0,0.0,291.0
14,4.0,0.0,292.0
13,3.0,0.0,293.0
12,5.0,0.0,294.0
16,5.0,0.0,295.0
14,3.0,0.0,296.0
16,3.0,0.0,297.0
16,4.0,0.0,298.0
14,3.0,0.0,299.0
16,5.0,0.0,300.0
20,6.0,0.0,301.0
20,4.0,0.0,302.0
19,2.0,0.0,303.0
20,3.0,0.0,304.0
20,4.0,0.0,305.0
18,4.0,0.0,306.0
15,5.0,0.0,307.0
19,7.0,0.0,308.0
20,5.0,0.0,309.0
19,5.0,0.0,310.0
19,4.0,0.0,311.0
19,4.0,0.0,312.0
20,1.0,0.0,313.0
18,1.0,0.0,314.0
16,0.0,0.0,315.0
20,1.0,0.0,316.0
13,0.0,0.0,317.0
12,1.0,0.0,318.0
15,1.0,0.0,319.0
20,1.0,0.0,320.0
20,2.0,0.0,321.0
17,2.0,0.0,322.0
13,1.0,0.0,323.0
16,3.0,0.0,324.0
18,2.0,0.0,325.0
20,3.0,0.0,326.0
19,2.0,0.0,327.0
20,3.0,0.0,328.0
18,3.0,0.0,329.0
20,4.0,0.0,330.0
19,2.0,0.0,331.0
19,3.0,0.0,332.0
19,1.0,0.0,333.0
20,2.0,0.0,334.0
20,3.0,0.0,335.0
19,3.0,0.0,336.0
20,4.0,0.0,337.0
20,3.0,0.0,338.0
15,3.0,0.0,339.0
15,3.0,0.0,340.0
16,3.0,0.0,341.0
16,4.0,0.0,342.0
18,3.0,0.0,343.0
20,7.0,0.0,344.0
20,6.0,0.0,345.0
20,4.0,0.0,346.0
20,2.0,0.0,347.0
19,3.0,0.0,348.0
17,3.0,0.0,349.0
20,2.0,0.0,350.0
19,2.0,0.0,351.0
20,2.0,0.0,352.0
20,3.0,0.0,353.0
20,4.0,0.0,354.0
19,5.0,0.0,355.0
17,5.0,0.0,356.0
18,3.0,0.0,357.0
19,2.0,0.0,358.0
19,2.0,0.0,359.0
20,3.0,0.0,360.0
20,3.0,0.0,361.0
17,2.0,0.0,362.0
15,2.0,0.0,363.0
20,4.0,0.0,364.0
19,3.0,0.0,365.0
15,2.0,0.0,90.0
18,3.0,0.0,91.0
18,3.0,0.0,92.0
15,3.0,0.0,93.0
14,5.0,0.0,94.0
17,3.0,0.0,95.0
18,3.0,0.0,96.0
19,3.0,0.0,97.0
20,3.0,0.0,98.0
19,2.0,0.0,99.0
17,4.0,0.0,100.0
19,3.0,0.0,101.0
20,3.0,0.0,102.0
18,3.0,0.0,103.0
20,5.0,0.0,104.0
20,5.0,0.0,105.0
20,4.0,0.0,106.0
16,3.0,0.0,107.0
18,3.0,0.0,108.0
18,2.0,0.0,109.0
20,3.0,0.0,110.0
18,3.0,0.0,111.0
18,5.0,0.0,112.0
19,5.0,0.0,113.0
20,4.0,0.0,114.0
19,6.0,0.0,115.0
19,5.0,0.0,116.0
16,5.0,0.0,117.0
17,5.0,0.0,118.0
19,5.0,0.0,119.0
18,5.0,0.0,120.0
17,3.0,0.0,121.0
17,4.0,0.0,122.0
20,3.0,0.0,123.0
20,2.0,0.0,124.0
14,2.0,0.0,125.0
20,2.0,0.0,126.0
19,3.0,0.0,127.0
19,4.0,0.0,128.0
20,3.0,0.0,129.0
17,4.0,0.0,130.0
19,3.0,0.0,131.0
17,3.0,0.0,132.0
18,3.0,0.0,133.0
14,2.0,0.0,134.0
18,2.0,0.0,135.0
18,3.0,0.0,136.0
20,3.0,0.0,137.0
18,3.0,0.0,138.0
19,2.0,0.0,139.0
18,4.0,0.0,140.0
18,4.0,0.0,141.0
16,4.0,0.0,142.0
18,5.0,0.0,143.0
19,5.0,0.0,144.0
16,5.0,0.0,145.0
20,5.0,0.0,146.0
20,5.0,0.0,147.0
20,4.0,0.0,148.0
20,7.0,0.0,149.0
17,5.0,0.0,150.0
19,8.0,0.0,151.0
20,9.0,0.0,152.0
19,9.0,0.0,153.0
19,9.0,0.0,154.0
19,8.0,0.0,155.0
19,7.0,0.0,156.0
19,6.0,0.0,157.0
19,6.0,0.0,158.0
18,6.0,0.0,159.0
15,3.0,0.0,160.0
19,3.0,0.0,161.0
19,3.0,0.0,162.0
19,5.0,0.0,163.0
19,5.0,0.0,164.0
18,3.0,0.0,165.0
18,1.0,0.0,166.0
17,1.0,0.0,167.0
19,3.0,0.0,168.0
16,3.0,0.0,169.0
15,1.0,0.0,170.0
20,3.0,0.0,171.0
19,2.0,0.0,172.0
19,2.0,0.0,173.0
17,3.0,0.0,174.0
18,2.0,0.0,175.0
20,3.0,0.0,176.0
20,5.0,0.0,177.0
18,3.0,0.0,178.0
20,3.0,0.0,179.0
16,2.0,0.0,180.0
17,2.0,0.0,181.0
16,4.0,0.0,182.0
20,4.0,0.0,183.0
19,4.0,0.0,184.0
20,5.0,0.0,185.0
17,5.0,0.0,186.0
20,5.0,0.0,187.0
16,4.0,0.0,188.0
20,5.0,0.0,189.0
20,4.0,0.0,190.0
18,4.0,0.0,191.0
19,4.0,0.0,192.0
20,6.0,0.0,193.0
17,6.0,0.0,194.0
11,3.0,0.0,195.0
13,3.0,0.0,196.0
11,3.0,0.0,197.0
20,4.0,0.0,198.0
19,4.0,0.0,199.0
19,7.0,0.0,200.0
20,4.0,0.0,201.0
15,4.0,0.0,202.0
18,5.0,0.0,203.0
19,2.0,0.0,204.0
20,2.0,0.0,205.0
19,2.0,0.0,206.0
16,3.0,0.0,207.0
17,1.0,0.0,208.0
17,1.0,0.0,209.0
18,3.0,0.0,210.0
20,3.0,0.0,211.0
18,2.0,0.0,212.0
20,2.0,0.0,213.0
18,3.0,0.0,214.0
18,4.0,0.0,215.0
18,3.0,0.0,216.0
18,3.0,0.0,217.0
14,2.0,0.0,218.0
16,3.0,0.0,219.0
15,3.0,0.0,220.0
18,4.0,0.0,221.0
18,5.0,0.0,222.0
17,4.0,0.0,223.0
20,5.0,0.0,224.0
20,7.0,0.0,225.0
17,4.0,0.0,226.0
16,3.0,0.0,227.0
17,4.0,0.0,228.0
18,6.0,0.0,229.0
16,4.0,0.0,230.0
15,4.0,0.0,231.0
16,6.0,0.0,232.0
11,2.0,0.0,233.0
13,2.0,0.0,234.0
11,1.0,0.0,235.0
20,3.0,0.0,236.0
18,2.0,0.0,237.0
20,2.0,0.0,238.0
15,3.0,0.0,239.0
17,1.0,0.0,240.0
17,2.0,0.0,241.0
18,2.0,0.0,242.0
19,1.0,0.0,243.0
18,1.0,0.0,244.0
18,2.0,0.0,245.0
17,2.0,0.0,246.0
18,1.0,0.0,247.0
18,4.0,0.0,248.0
20,5.0,0.0,249.0
18,4.0,0.0,250.0
20,4.0,0.0,251.0
17,1.0,0.0,252.0
14,0.0,0.0,253.0
10,0.0,0.0,254.0
14,0.0,0.0,255.0
10,1.0,0.0,256.0
17,1.0,0.0,257.0
17,1.0,0.0,258.0
20,2.0,0.0,259.0
19,3.0,0.0,260.0
17,4.0,0.0,261.0
14,2.0,0.0,262.0
13,0.0,0.0,263.0
15,1.0,0.0,264.0
15,0.0,0.0,265.0
20,4.0,0.0,266.0
19,3.0,0.0,267.0
17,1.0,0.0,268.0
18,4.0,0.0,269.0
16,4.0,0.0,270.0
19,4.0,0.0,271.0
19,5.0,0.0,272.0
18,3.0,0.0,273.0
20,3.0,0.0,274.0
15,2.0,0.0,275.0
17,3.0,0.0,276.0
19,3.0,0.0,277.0
19,4.0,0.0,278.0
18,4.0,0.0,279.0
20,4.0,0.0,280.0
20,3.0,0.0,281.0
18,2.0,0.0,282.0
19,3.0,0.0,283.0
17,1.0,0.0,284.0
17,1.0,0.0,285.0
16,1.0,0.0,286.0
19,2.0,0.0,287.0
19,2.0,0.0,288.0
19,1.0,0.0,289.0
20,2.0,0.0,290.0
18,2.0,0.0,291.0
20,4.0,0.0,292.0
19,3.0,0.0,293.0
18,4.0,0.0,294.0
18,2.0,0.0,295.0
20,3.0,0.0,296.0
19,2.0,0.0,297.0
18,2.0,0.0,298.0
17,4.0,0.0,299.0
11,3.0,0.0,300.0
12,3.0,0.0,301.0
16,3.0,0.0,302.0
17,5.0,0.0,303.0
20,6.0,0.0,304.0
19,6.0,0.0,305.0
19,7.0,0.0,306.0
19,7.0,0.0,307.0
20,6.0,0.0,308.0
19,6.0,0.0,309.0
19,4.0,0.0,310.0
20,3.0,0.0,311.0
20,3.0,0.0,312.0
20,3.0,0.0,313.0
16,4.0,0.0,314.0
19,5.0,0.0,315.0
20,5.0,0.0,316.0
18,6.0,0.0,317.0
20,6.0,0.0,318.0
17,4.0,0.0,319.0
18,3.0,0.0,320.0
16,3.0,0.0,321.0
17,4.0,0.0,322.0
18,3.0,0.0,323.0
16,4.0,0.0,324.0
19,5.0,0.0,325.0
20,4.0,0.0,326.0
19,5.0,0.0,327.0
20,6.0,0.0,328.0
20,5.0,0.0,329.0
20,6.0,0.0,330.0
19,6.0,0.0,331.0
19,5.0,0.0,332.0
20,4.0,0.0,333.0
17,3.0,0.0,334.0
20,2.0,0.0,335.0
19,1.0,0.0,336.0
15,1.0,0.0,337.0
18,1.0,0.0,338.0
15,2.0,0.0,339.0
19,4.0,0.0,340.0
19,3.0,0.0,341.0
19,4.0,0.0,342.0
19,2.0,0.0,343.0
19,2.0,0.0,344.0
19,2.0,0.0,345.0
19,3.0,0.0,346.0
19,4.0,0.0,347.0
20,4.0,0.0,348.0
15,2.0,0.0,349.0
15,4.0,0.0,350.0
15,4.0,0.0,351.0
16,4.0,0.0,352.0
19,4.0,0.0,353.0
17,2.0,0.0,354.0
19,6.0,0.0,355.0
19,5.0,0.0,356.0
18,6.0,0.0,357.0
13,4.0,0.0,358.0
12,2.0,0.0,359.0
15,1.0,0.0,360.0
19,3.0,0.0,361.0
18,3.0,0.0,362.0
19,5.0,0.0,363.0
16,5.0,0.0,364.0
19,7.0,0.0,365.0
18,4.0,0.0,90.0
16,4.0,0.0,91.0
18,6.0,0.0,92.0
17,5.0,0.0,93.0
19,5.0,0.0,94.0
19,5.0,0.0,95.0
19,4.0,0.0,96.0
20,3.0,0.0,97.0
15,4.0,0.0,98.0
19,7.0,0.0,99.0
19,4.0,0.0,100.0
20,5.0,0.0,101.0
19,5.0,0.0,102.0
18,4.0,0.0,103.0
19,6.0,0.0,104.0
19,6.0,0.0,105.0
14,3.0,0.0,106.0
19,5.0,0.0,107.0
19,5.0,0.0,108.0
19,6.0,0.0,109.0
20,4.0,0.0,110.0
20,5.0,0.0,111.0
20,7.0,0.0,112.0
18,6.0,0.0,113.0
17,6.0,0.0,114.0
19,5.0,0.0,115.0
18,6.0,0.0,116.0
17,7.0,0.0,117.0
17,6.0,0.0,118.0
17,5.0,0.0,119.0
15,5.0,0.0,120.0
17,6.0,0.0,121.0
19,8.0,0.0,122.0
18,8.0,0.0,123.0
20,9.0,0.0,124.0
18,8.0,0.0,125.0
20,9.0,0.0,126.0
20,6.0,0.0,127.0
19,4.0,0.0,128.0
20,4.0,0.0,129.0
18,3.0,0.0,130.0
19,1.0,0.0,131.0
18,1.0,0.0,132.0
19,2.0,0.0,133.0
20,3.0,0.0,134.0
15,1.0,0.0,135.0
17,2.0,0.0,136.0
17,3.0,0.0,137.0
20,4.0,0.0,138.0
20,4.0,0.0,139.0
17,4.0,0.0,140.0
18,3.0,0.0,141.0
20,4.0,0.0,142.0
16,3.0,0.0,143.0
19,3.0,0.0,144.0
19,3.0,0.0,145.0
19,2.0,0.0,146.0
20,2.0,0.0,147.0
17,3.0,0.0,148.0
19,4.0,0.0,149.0
20,4.0,0.0,150.0
20,5.0,0.0,151.0
19,5.0,0.0,152.0
19,5.0,0.0,153.0
15,3.0,0.0,154.0
16,3.0,0.0,155.0
18,3.0,0.0,156.0
20,4.0,0.0,157.0
16,1.0,0.0,158.0
19,2.0,0.0,159.0
18,2.0,0.0,160.0
19,2.0,0.0,161.0
19,1.0,0.0,162.0
19,2.0,0.0,163.0
18,3.0,0.0,164.0
20,3.0,0.0,165.0
18,3.0,0.0,166.0
20,3.0,0.0,167.0
16,2.0,0.0,168.0
16,4.0,0.0,169.0
18,6.0,0.0,170.0
19,7.0,0.0,171.0
15,3.0,0.0,172.0
20,5.0,0.0,173.0
19,5.0,0.0,174.0
18,5.0,0.0,175.0
18,4.0,0.0,176.0
20,4.0,0.0,177.0
20,4.0,0.0,178.0
19,5.0,0.0,179.0
19,6.0,0.0,180.0
20,4.0,0.0,181.0
20,3.0,0.0,182.0
15,3.0,0.0,183.0
17,3.0,0.0,184.0
20,5.0,0.0,185.0
19,4.0,0.0,186.0
20,4.0,0.0,187.0
17,4.0,0.0,188.0
19,5.0,0.0,189.0
20,4.0,0.0,190.0
17,3.0,0.0,191.0
17,3.0,0.0,192.0
18,3.0,0.0,193.0
19,2.0,0.0,194.0
14,3.0,0.0,195.0
14,3.0,0.0,196.0
17,5.0,0.0,197.0
16,4.0,0.0,198.0
20,5.0,0.0,199.0
19,5.0,0.0,200.0
19,6.0,0.0,201.0
13,4.0,0.0,202.0
15,5.0,0.0,203.0
15,5.0,0.0,204.0
17,3.0,0.0,205.0
19,5.0,0.0,206.0
18,4.0,0.0,207.0
19,4.0,0.0,208.0
16,3.0,0.0,209.0
19,6.0,0.0,210.0
20,7.0,0.0,211.0
20,6.0,0.0,212.0
20,4.0,0.0,213.0
20,4.0,0.0,214.0
18,4.0,0.0,215.0
17,4.0,0.0,216.0
15,3.0,0.0,217.0
19,3.0,0.0,218.0
19,4.0,0.0,219.0
20,5.0,0.0,220.0
20,3.0,0.0,221.0
16,3.0,0.0,222.0
19,3.0,0.0,223.0
19,4.0,0.0,224.0
17,3.0,0.0,225.0
19,6.0,0.0,226.0
17,6.0,0.0,227.0
15,5.0,0.0,228.0
15,5.0,0.0,229.0
20,7.0,0.0,230.0
19,6.0,0.0,231.0
16,6.0,0.0,232.0
13,4.0,0.0,233.0
11,4.0,0.0,234.0
20,7.0,0.0,235.0
17,5.0,0.0,236.0
15,2.0,0.0,237.0
19,3.0,0.0,238.0
18,4.0,0.0,239.0
18,4.0,0.0,240.0
20,4.0,0.0,241.0
17,3.0,0.0,242.0
16,3.0,0.0,243.0
20,5.0,0.0,244.0
18,5.0,0.0,245.0
20,4.0,0.0,246.0
18,4.0,0.0,247.0
20,6.0,0.0,248.0
19,5.0,0.0,249.0
18,6.0,0.0,250.0
20,7.0,0.0,251.0
20,6.0,0.0,252.0
18,4.0,0.0,253.0
19,4.0,0.0,254.0
15,6.0,0.0,255.0
14,6.0,0.0,256.0
16,4.0,0.0,257.0
20,4.0,0.0,258.0
18,4.0,0.0,259.0
19,7.0,0.0,260.0
18,6.0,0.0,261.0
18,5.0,0.0,262.0
20,5.0,0.0,263.0
19,5.0,0.0,264.0
19,6.0,0.0,265.0
18,5.0,0.0,266.0
13,3.0,0.0,267.0
16,2.0,0.0,268.0
13,3.0,0.0,269.0
19,3.0,0.0,270.0
18,3.0,0.0,271.0
15,4.0,0.0,272.0
20,4.0,0.0,273.0
20,2.0,0.0,274.0
15,3.0,0.0,275.0
20,6.0,0.0,276.0
20,5.0,0.0,277.0
15,5.0,0.0,278.0
15,5.0,0.0,279.0
20,5.0,0.0,280.0
18,3.0,0.0,281.0
14,3.0,0.0,282.0
16,3.0,0.0,283.0
18,3.0,0.0,284.0
20,2.0,0.0,285.0
18,2.0,0.0,286.0
18,4.0,0.0,287.0
17,2.0,0.0,288.0
16,2.0,0.0,289.0
18,4.0,0.0,290.0
18,6.0,0.0,291.0
18,6.0,0.0,292.0
17,6.0,0.0,293.0
18,6.0,0.0,294.0
20,5.0,0.0,295.0
19,6.0,0.0,296.0
20,6.0,0.0,297.0
18,5.0,0.0,298.0
16,4.0,0.0,299.0
16,4.0,0.0,300.0
18,4.0,0.0,301.0
20,5.0,0.0,302.0
17,4.0,0.0,303.0
20,4.0,0.0,304.0
20,6.0,0.0,305.0
19,7.0,0.0,306.0
19,7.0,0.0,307.0
15,5.0,0.0,308.0
18,2.0,0.0,309.0
20,3.0,0.0,310.0
16,2.0,0.0,311.0
15,0.0,0.0,312.0
18,2.0,0.0,313.0
20,4.0,0.0,314.0
20,2.0,0.0,315.0
18,2.0,0.0,316.0
18,2.0,0.0,317.0
17,2.0,0.0,318.0
17,1.0,0.0,319.0
19,2.0,0.0,320.0
19,2.0,0.0,321.0
20,2.0,0.0,322.0
20,3.0,0.0,323.0
20,3.0,0.0,324.0
20,3.0,0.0,325.0
20,4.0,0.0,326.0
17,3.0,0.0,327.0
16,2.0,0.0,328.0
18,3.0,0.0,329.0
18,3.0,0.0,330.0
20,2.0,0.0,331.0
18,1.0,0.0,332.0
14,0.0,0.0,333.0
17,0.0,0.0,334.0
20,4.0,0.0,335.0
19,4.0,0.0,336.0
17,4.0,0.0,337.0
19,6.0,0.0,338.0
17,5.0,0.0,339.0
19,6.0,0.0,340.0
20,5.0,0.0,341.0
18,3.0,0.0,342.0
14,2.0,0.0,343.0
15,2.0,0.0,344.0
15,1.0,0.0,345.0
17,2.0,0.0,346.0
20,5.0,0.0,347.0
20,2.0,0.0,348.0
19,2.0,0.0,349.0
17,3.0,0.0,350.0
20,2.0,0.0,351.0
15,0.0,0.0,352.0
15,1.0,0.0,353.0
17,0.0,0.0,354.0
17,1.0,0.0,355.0
15,2.0,0.0,356.0
20,2.0,0.0,357.0
18,3.0,0.0,358.0
18,5.0,0.0,359.0
19,3.0,0.0,360.0
15,3.0,0.0,361.0
18,4.0,0.0,362.0
13,3.0,0.0,363.0
13,4.0,0.0,364.0
11,3.0,0.0,365.0
17,2.0,1.0,90.0
14,1.0,1.0,91.0
17,1.0,1.0,92.0
19,2.0,1.0,93.0
19,3.0,1.0,94.0
18,3.0,1.0,95.0
19,4.0,1.0,96.0
17,4.0,1.0,97.0
19,4.0,1.0,98.0
14,3.0,1.0,99.0
13,4.0,1.0,100.0
15,4.0,1.0,101.0
17,3.0,3.0,102.0
20,5.0,4.0,103.0
16,3.0,4.0,104.0
15,2.0,4.0,105.0
19,5.0,4.0,106.0
19,3.0,4.0,107.0
16,2.0,4.0,108.0
18,2.0,5.0,109.0
20,4.0,4.0,110.0
19,5.0,5.0,111.0
19,6.0,4.0,112.0
18,2.0,4.0,113.0
20,4.0,5.0,114.0
19,4.0,5.0,115.0
16,2.0,5.0,116.0
19,6.0,5.0,117.0
19,5.0,6.0,118.0
19,7.0,4.0,119.0
16,7.0,4.0,120.0
15,5.0,4.0,121.0
16,4.0,3.0,122.0
16,3.0,2.0,123.0
12,3.0,3.0,124.0
19,4.0,2.0,125.0
19,3.0,2.0,126.0
13,2.0,2.0,127.0
12,2.0,2.0,128.0
16,3.0,2.0,129.0
14,3.0,1.0,130.0
13,2.0,0.0,131.0
17,2.0,0.0,132.0
16,3.0,0.0,133.0
17,2.0,0.0,134.0
20,4.0,0.0,135.0
17,4.0,1.0,136.0
15,4.0,1.0,137.0
19,5.0,1.0,138.0
15,5.0,1.0,139.0
19,4.0,1.0,140.0
20,3.0,1.0,141.0
20,1.0,1.0,142.0
19,1.0,0.0,143.0
17,3.0,0.0,144.0
19,6.0,0.0,145.0
20,4.0,0.0,146.0
19,4.0,0.0,147.0
17,4.0,1.0,148.0
18,2.0,2.0,149.0
14,3.0,1.0,150.0
14,4.0,1.0,151.0
13,5.0,1.0,152.0
19,4.0,2.0,153.0
14,2.0,2.0,154.0
20,2.0,2.0,155.0
16,3.0,2.0,156.0
16,4.0,1.0,157.0
16,1.0,1.0,158.0
20,3.0,1.0,159.0
18,2.0,1.0,160.0
19,3.0,2.0,161.0
19,1.0,3.0,162.0
20,4.0,3.0,163.0
18,4.0,4.0,164.0
20,5.0,4.0,165.0
18,5.0,2.0,166.0
19,4.0,2.0,167.0
12,1.0,2.0,168.0
10,2.0,2.0,169.0
14,2.0,2.0,170.0
16,4.0,3.0,171.0
15,3.0,3.0,172.0
20,4.0,2.0,173.0
19,6.0,2.0,174.0
16,3.0,1.0,175.0
18,3.0,1.0,176.0
17,2.0,2.0,177.0
19,3.0,2.0,178.0
20,2.0,2.0,179.0
19,2.0,2.0,180.0
19,2.0,1.0,181.0
14,2.0,0.0,182.0
19,5.0,1.0,183.0
19,5.0,3.0,184.0
19,4.0,5.0,185.0
18,3.0,5.0,186.0
17,3.0,6.0,187.0
13,2.0,2.0,188.0
11,1.0,2.0,189.0
18,4.0,2.0,190.0
18,4.0,2.0,191.0
18,4.0,2.0,192.0
15,3.0,1.0,193.0
14,3.0,1.0,194.0
19,8.0,1.0,195.0
18,7.0,1.0,196.0
15,6.0,1.0,197.0
18,6.0,1.0,198.0
19,9.0,2.0,199.0
18,8.0,0.0,200.0
20,6.0,0.0,201.0
16,5.0,0.0,202.0
18,3.0,0.0,203.0
14,2.0,0.0,204.0
16,4.0,0.0,205.0
13,7.0,1.0,206.0
14,7.0,0.0,207.0
16,7.0,0.0,208.0
18,6.0,0.0,209.0
19,6.0,0.0,210.0
19,6.0,0.0,211.0
20,5.0,0.0,212.0
15,4.0,0.0,213.0
18,4.0,0.0,214.0
19,3.0,0.0,215.0
17,3.0,0.0,216.0
17,3.0,0.0,217.0
18,3.0,0.0,218.0
20,6.0,0.0,219.0
20,6.0,0.0,220.0
18,4.0,0.0,221.0
19,3.0,0.0,222.0
17,2.0,0.0,223.0
12,2.0,0.0,224.0
15,3.0,0.0,225.0
15,3.0,0.0,226.0
19,3.0,0.0,227.0
20,3.0,0.0,228.0
18,2.0,0.0,229.0
20,3.0,0.0,230.0
15,4.0,0.0,231.0
15,3.0,0.0,232.0
10,1.0,0.0,233.0
18,1.0,1.0,234.0
19,3.0,0.0,235.0
20,3.0,0.0,236.0
15,0.0,0.0,237.0
9,0.0,0.0,238.0
15,1.0,0.0,239.0
19,1.0,1.0,240.0
18,1.0,1.0,241.0
19,3.0,1.0,242.0
20,2.0,1.0,243.0
17,3.0,1.0,244.0
19,6.0,1.0,245.0
19,3.0,1.0,246.0
16,1.0,1.0,247.0
18,2.0,1.0,248.0
17,3.0,1.0,249.0
19,3.0,1.0,250.0
19,8.0,2.0,251.0
19,6.0,1.0,252.0
20,7.0,2.0,253.0
20,5.0,2.0,254.0
17,3.0,2.0,255.0
14,3.0,2.0,256.0
17,2.0,2.0,257.0
16,1.0,0.0,258.0
18,2.0,0.0,259.0
12,1.0,0.0,260.0
12,1.0,1.0,261.0
11,1.0,1.0,262.0
15,5.0,1.0,263.0
19,5.0,3.0,264.0
20,4.0,3.0,265.0
18,4.0,3.0,266.0
17,2.0,1.0,267.0
19,3.0,1.0,268.0
19,4.0,2.0,269.0
19,4.0,2.0,270.0
17,3.0,1.0,271.0
20,2.0,2.0,272.0
18,1.0,2.0,273.0
18,1.0,2.0,274.0
20,2.0,2.0,275.0
17,4.0,1.0,276.0
19,7.0,2.0,277.0
19,6.0,1.0,278.0
17,5.0,1.0,279.0
17,6.0,0.0,280.0
17,7.0,0.0,281.0
16,6.0,1.0,282.0
18,6.0,1.0,283.0
19,7.0,1.0,284.0
20,8.0,1.0,285.0
15,5.0,0.0,286.0
18,4.0,1.0,287.0
20,5.0,1.0,288.0
19,4.0,1.0,289.0
19,4.0,1.0,290.0
20,3.0,1.0,291.0
20,2.0,1.0,292.0
19,3.0,1.0,293.0
16,3.0,1.0,294.0
19,3.0,1.0,295.0
20,3.0,1.0,296.0
17,2.0,0.0,297.0
18,3.0,0.0,298.0
13,2.0,0.0,299.0
16,2.0,0.0,300.0
17,1.0,0.0,301.0
16,1.0,0.0,302.0
17,2.0,0.0,303.0
17,3.0,0.0,304.0
15,4.0,0.0,305.0
20,5.0,0.0,306.0
14,4.0,0.0,307.0
14,3.0,0.0,308.0
14,4.0,1.0,309.0
13,4.0,1.0,310.0
19,4.0,1.0,311.0
19,3.0,1.0,312.0
20,3.0,1.0,313.0
13,3.0,1.0,314.0
17,4.0,1.0,315.0
20,3.0,1.0,316.0
17,3.0,1.0,317.0
17,3.0,1.0,318.0
18,4.0,1.0,319.0
13,4.0,0.0,320.0
15,2.0,1.0,321.0
14,2.0,2.0,322.0
19,3.0,2.0,323.0
16,2.0,1.0,324.0
16,2.0,1.0,325.0
15,5.0,0.0,326.0
13,3.0,0.0,327.0
16,5.0,0.0,328.0
18,5.0,0.0,329.0
15,3.0,0.0,330.0
19,2.0,0.0,331.0
15,3.0,0.0,332.0
17,5.0,1.0,333.0
20,4.0,1.0,334.0
17,2.0,1.0,335.0
18,2.0,1.0,336.0
19,2.0,1.0,337.0
20,2.0,1.0,338.0
20,3.0,1.0,339.0
17,3.0,1.0,340.0
17,3.0,0.0,341.0
16,3.0,0.0,342.0
18,4.0,0.0,343.0
18,5.0,0.0,344.0
17,6.0,1.0,345.0
20,5.0,1.0,346.0
18,5.0,1.0,347.0
20,4.0,1.0,348.0
20,7.0,1.0,349.0
17,4.0,1.0,350.0
17,5.0,0.0,351.0
16,5.0,1.0,352.0
17,6.0,1.0,353.0
15,5.0,2.0,354.0
14,4.0,2.0,355.0
13,3.0,1.0,356.0
13,3.0,0.0,357.0
12,3.0,0.0,358.0
20,5.0,1.0,359.0
17,3.0,1.0,360.0
16,3.0,0.0,361.0
15,5.0,0.0,362.0
20,6.0,0.0,363.0
20,4.0,0.0,364.0
19,3.0,0.0,365.0
18,6.0,3.0,90.0
18,4.0,3.0,91.0
16,4.0,2.0,92.0
17,2.0,1.0,93.0
19,2.0,1.0,94.0
20,2.0,2.0,95.0
20,1.0,2.0,96.0
19,2.0,3.0,97.0
19,3.0,3.0,98.0
19,3.0,4.0,99.0
18,3.0,4.0,100.0
19,3.0,4.0,101.0
19,2.0,3.0,102.0
18,2.0,2.0,103.0
15,3.0,0.0,104.0
18,3.0,1.0,105.0
16,6.0,1.0,106.0
15,5.0,1.0,107.0
16,3.0,2.0,108.0
17,3.0,2.0,109.0
12,0.0,2.0,110.0
16,1.0,2.0,111.0
17,1.0,2.0,112.0
18,1.0,1.0,113.0
16,2.0,1.0,114.0
19,2.0,1.0,115.0
17,2.0,2.0,116.0
18,3.0,3.0,117.0
16,3.0,2.0,118.0
16,2.0,2.0,119.0
19,4.0,2.0,120.0
20,4.0,3.0,121.0
18,3.0,3.0,122.0
15,1.0,5.0,123.0
17,2.0,4.0,124.0
18,3.0,4.0,125.0
15,2.0,3.0,126.0
20,4.0,4.0,127.0
20,3.0,5.0,128.0
19,3.0,5.0,129.0
20,1.0,5.0,130.0
19,2.0,3.0,131.0
18,3.0,3.0,132.0
20,3.0,3.0,133.0
20,4.0,3.0,134.0
16,4.0,2.0,135.0
19,3.0,3.0,136.0
18,4.0,3.0,137.0
17,3.0,4.0,138.0
20,5.0,4.0,139.0
17,3.0,3.0,140.0
17,2.0,3.0,141.0
18,3.0,2.0,142.0
18,2.0,2.0,143.0
17,3.0,4.0,144.0
18,3.0,4.0,145.0
18,4.0,3.0,146.0
20,5.0,4.0,147.0
19,5.0,4.0,148.0
20,3.0,4.0,149.0
20,4.0,4.0,150.0
17,6.0,5.0,151.0
16,4.0,5.0,152.0
20,6.0,5.0,153.0
19,6.0,5.0,154.0
16,6.0,5.0,155.0
17,6.0,5.0,156.0
20,7.0,5.0,157.0
19,6.0,5.0,158.0
18,5.0,5.0,159.0
19,5.0,5.0,160.0
20,5.0,5.0,161.0
18,4.0,5.0,162.0
18,5.0,3.0,163.0
20,3.0,3.0,164.0
14,5.0,3.0,165.0
18,5.0,4.0,166.0
18,2.0,4.0,167.0
19,3.0,5.0,168.0
19,4.0,4.0,169.0
17,3.0,3.0,170.0
18,2.0,2.0,171.0
15,3.0,2.0,172.0
18,4.0,3.0,173.0
18,3.0,4.0,174.0
20,2.0,4.0,175.0
20,4.0,6.0,176.0
20,5.0,5.0,177.0
19,6.0,5.0,178.0
20,5.0,6.0,179.0
19,4.0,5.0,180.0
19,4.0,5.0,181.0
18,3.0,5.0,182.0
17,4.0,6.0,183.0
19,3.0,7.0,184.0
17,2.0,5.0,185.0
12,1.0,3.0,186.0
17,2.0,3.0,187.0
18,1.0,3.0,188.0
19,1.0,4.0,189.0
15,1.0,4.0,190.0
14,0.0,4.0,191.0
17,2.0,4.0,192.0
19,2.0,5.0,193.0
18,2.0,5.0,194.0
20,2.0,5.0,195.0
17,1.0,5.0,196.0
20,3.0,5.0,197.0
18,3.0,5.0,198.0
11,3.0,3.0,199.0
11,3.0,4.0,200.0
13,3.0,2.0,201.0
15,5.0,2.0,202.0
18,6.0,0.0,203.0
18,5.0,1.0,204.0
14,4.0,3.0,205.0
12,4.0,3.0,206.0
20,5.0,3.0,207.0
15,4.0,3.0,208.0
19,3.0,2.0,209.0
20,7.0,2.0,210.0
20,5.0,2.0,211.0
17,6.0,1.0,212.0
16,6.0,1.0,213.0
14,3.0,2.0,214.0
20,3.0,3.0,215.0
20,4.0,4.0,216.0
17,3.0,3.0,217.0
18,2.0,4.0,218.0
20,1.0,3.0,219.0
16,1.0,3.0,220.0
17,1.0,3.0,221.0
18,2.0,3.0,222.0
20,4.0,3.0,223.0
17,4.0,3.0,224.0
16,6.0,3.0,225.0
19,5.0,4.0,226.0
16,5.0,3.0,227.0
18,2.0,3.0,228.0
20,2.0,3.0,229.0
15,3.0,2.0,230.0
14,1.0,0.0,231.0
10,1.0,2.0,232.0
19,3.0,2.0,233.0
19,1.0,2.0,234.0
20,0.0,3.0,235.0
17,0.0,3.0,236.0
18,0.0,3.0,237.0
18,2.0,2.0,238.0
20,3.0,2.0,239.0
20,5.0,2.0,240.0
19,5.0,3.0,241.0
17,4.0,2.0,242.0
15,2.0,1.0,243.0
19,2.0,2.0,244.0
16,4.0,3.0,245.0
19,4.0,2.0,246.0
15,1.0,2.0,247.0
18,0.0,2.0,248.0
17,0.0,2.0,249.0
16,0.0,1.0,250.0
19,0.0,4.0,251.0
18,1.0,5.0,252.0
18,3.0,4.0,253.0
19,4.0,4.0,254.0
20,5.0,3.0,255.0
17,4.0,3.0,256.0
16,4.0,5.0,257.0
16,4.0,7.0,258.0
17,5.0,5.0,259.0
15,5.0,6.0,260.0
15,5.0,6.0,261.0
15,4.0,6.0,262.0
19,3.0,7.0,263.0
18,3.0,6.0,264.0
14,4.0,4.0,265.0
16,3.0,4.0,266.0
18,2.0,5.0,267.0
20,3.0,4.0,268.0
19,3.0,4.0,269.0
20,4.0,4.0,270.0
18,2.0,5.0,271.0
20,2.0,5.0,272.0
19,2.0,5.0,273.0
20,1.0,4.0,274.0
16,1.0,3.0,275.0
18,1.0,4.0,276.0
19,1.0,4.0,277.0
15,3.0,5.0,278.0
15,2.0,5.0,279.0
19,5.0,5.0,280.0
19,5.0,5.0,281.0
13,3.0,4.0,282.0
16,4.0,4.0,283.0
20,5.0,4.0,284.0
18,3.0,3.0,285.0
20,5.0,2.0,286.0
18,3.0,2.0,287.0
19,3.0,2.0,288.0
20,4.0,3.0,289.0
19,3.0,4.0,290.0
20,3.0,4.0,291.0
19,3.0,4.0,292.0
20,4.0,4.0,293.0
19,4.0,5.0,294.0
18,4.0,4.0,295.0
20,5.0,7.0,296.0
20,3.0,6.0,297.0
19,4.0,6.0,298.0
16,3.0,6.0,299.0
19,2.0,6.0,300.0
18,2.0,6.0,301.0
20,2.0,5.0,302.0
19,2.0,5.0,303.0
20,3.0,7.0,304.0
20,2.0,7.0,305.0
19,1.0,7.0,306.0
19,2.0,7.0,307.0
20,2.0,6.0,308.0
12,2.0,4.0,309.0
13,2.0,4.0,310.0
19,5.0,2.0,311.0
20,6.0,2.0,312.0
19,5.0,3.0,313.0
17,6.0,4.0,314.0
18,5.0,4.0,315.0
16,3.0,4.0,316.0
20,2.0,4.0,317.0
16,3.0,4.0,318.0
16,2.0,5.0,319.0
18,1.0,4.0,320.0
20,1.0,3.0,321.0
20,1.0,5.0,322.0
20,2.0,7.0,323.0
20,2.0,7.0,324.0
20,1.0,6.0,325.0
15,0.0,5.0,326.0
18,1.0,4.0,327.0
20,1.0,5.0,328.0
20,2.0,4.0,329.0
18,1.0,4.0,330.0
16,0.0,3.0,331.0
19,1.0,3.0,332.0
17,0.0,3.0,333.0
17,1.0,3.0,334.0
16,2.0,3.0,335.0
17,4.0,2.0,336.0
20,5.0,2.0,337.0
19,6.0,0.0,338.0
18,6.0,0.0,339.0
17,4.0,1.0,340.0
18,4.0,1.0,341.0
20,4.0,1.0,342.0
19,4.0,3.0,343.0
20,5.0,3.0,344.0
19,6.0,3.0,345.0
19,5.0,1.0,346.0
19,4.0,1.0,347.0
20,4.0,1.0,348.0
19,5.0,2.0,349.0
17,4.0,2.0,350.0
15,4.0,3.0,351.0
20,4.0,4.0,352.0
19,4.0,5.0,353.0
18,4.0,5.0,354.0
19,4.0,5.0,355.0
20,3.0,5.0,356.0
19,4.0,6.0,357.0
17,4.0,3.0,358.0
13,2.0,3.0,359.0
15,2.0,2.0,360.0
14,2.0,3.0,361.0
16,4.0,3.0,362.0
15,7.0,2.0,363.0
17,6.0,2.0,364.0
16,5.0,1.0,365.0
19,2.0,3.0,90.0
15,1.0,2.0,91.0
16,2.0,0.0,92.0
15,3.0,0.0,93.0
14,4.0,1.0,94.0
15,5.0,2.0,95.0
13,3.0,1.0,96.0
16,3.0,1.0,97.0
19,2.0,0.0,98.0
17,3.0,0.0,99.0
15,3.0,0.0,100.0
16,4.0,0.0,101.0
19,4.0,0.0,102.0
14,6.0,0.0,103.0
18,7.0,0.0,104.0
19,7.0,1.0,105.0
18,7.0,2.0,106.0
18,6.0,2.0,107.0
17,6.0,2.0,108.0
19,6.0,0.0,109.0
17,8.0,2.0,110.0
20,9.0,3.0,111.0
19,8.0,3.0,112.0
18,9.0,4.0,113.0
19,6.0,4.0,114.0
20,6.0,4.0,115.0
19,4.0,1.0,116.0
16,6.0,1.0,117.0
15,6.0,1.0,118.0
20,6.0,1.0,119.0
20,8.0,1.0,120.0
19,6.0,1.0,121.0
20,4.0,1.0,122.0
19,4.0,2.0,123.0
18,5.0,2.0,124.0
19,5.0,4.0,125.0
19,3.0,3.0,126.0
18,3.0,3.0,127.0
20,5.0,3.0,128.0
18,7.0,3.0,129.0
20,7.0,3.0,130.0
20,6.0,4.0,131.0
13,4.0,4.0,132.0
20,5.0,4.0,133.0
20,3.0,2.0,134.0
19,2.0,2.0,135.0
18,2.0,1.0,136.0
17,2.0,1.0,137.0
18,3.0,1.0,138.0
17,3.0,2.0,139.0
18,4.0,2.0,140.0
16,3.0,2.0,141.0
15,3.0,3.0,142.0
16,2.0,2.0,143.0
20,3.0,3.0,144.0
18,3.0,3.0,145.0
17,2.0,4.0,146.0
19,4.0,4.0,147.0
20,5.0,5.0,148.0
20,5.0,5.0,149.0
20,8.0,6.0,150.0
19,6.0,5.0,151.0
17,5.0,5.0,152.0
18,8.0,6.0,153.0
20,8.0,7.0,154.0
20,8.0,7.0,155.0
20,6.0,7.0,156.0
19,2.0,5.0,157.0
18,3.0,6.0,158.0
19,2.0,4.0,159.0
18,4.0,3.0,160.0
15,3.0,3.0,161.0
17,3.0,3.0,162.0
18,4.0,3.0,163.0
19,4.0,2.0,164.0
19,3.0,2.0,165.0
20,4.0,2.0,166.0
15,3.0,3.0,167.0
18,4.0,3.0,168.0
15,4.0,2.0,169.0
12,3.0,2.0,170.0
16,3.0,3.0,171.0
17,2.0,4.0,172.0
20,2.0,4.0,173.0
18,2.0,4.0,174.0
19,4.0,6.0,175.0
20,5.0,7.0,176.0
19,3.0,7.0,177.0
17,4.0,6.0,178.0
18,5.0,7.0,179.0
20,6.0,7.0,180.0
16,1.0,6.0,181.0
18,3.0,6.0,182.0
17,4.0,6.0,183.0
20,4.0,7.0,184.0
19,3.0,5.0,185.0
20,4.0,5.0,186.0
20,4.0,6.0,187.0
20,3.0,6.0,188.0
20,4.0,6.0,189.0
18,5.0,5.0,190.0
19,5.0,5.0,191.0
17,2.0,4.0,192.0
19,2.0,4.0,193.0
19,3.0,4.0,194.0
17,2.0,3.0,195.0
19,2.0,3.0,196.0
19,3.0,5.0,197.0
19,4.0,6.0,198.0
18,4.0,7.0,199.0
20,4.0,7.0,200.0
20,5.0,6.0,201.0
19,5.0,4.0,202.0
16,5.0,3.0,203.0
13,4.0,3.0,204.0
16,2.0,3.0,205.0
18,2.0,3.0,206.0
19,1.0,2.0,207.0
16,0.0,1.0,208.0
14,0.0,3.0,209.0
17,2.0,3.0,210.0
20,2.0,4.0,211.0
20,4.0,2.0,212.0
18,2.0,3.0,213.0
19,2.0,3.0,214.0
18,2.0,4.0,215.0
18,1.0,4.0,216.0
19,3.0,3.0,217.0
20,2.0,3.0,218.0
20,4.0,2.0,219.0
18,4.0,3.0,220.0
16,4.0,5.0,221.0
16,5.0,6.0,222.0
20,4.0,7.0,223.0
19,4.0,6.0,224.0
15,3.0,4.0,225.0
19,5.0,6.0,226.0
20,5.0,6.0,227.0
18,4.0,5.0,228.0
20,5.0,6.0,229.0
18,5.0,6.0,230.0
19,4.0,6.0,231.0
19,5.0,6.0,232.0
19,4.0,6.0,233.0
16,4.0,4.0,234.0
18,6.0,4.0,235.0
15,5.0,2.0,236.0
18,6.0,2.0,237.0
16,7.0,2.0,238.0
19,6.0,1.0,239.0
18,7.0,2.0,240.0
20,7.0,2.0,241.0
18,7.0,4.0,242.0
17,7.0,6.0,243.0
20,6.0,5.0,244.0
20,7.0,5.0,245.0
16,6.0,3.0,246.0
13,3.0,2.0,247.0
17,3.0,2.0,248.0
18,2.0,4.0,249.0
20,3.0,5.0,250.0
20,3.0,4.0,251.0
20,3.0,5.0,252.0
17,4.0,5.0,253.0
19,4.0,5.0,254.0
20,4.0,5.0,255.0
20,3.0,7.0,256.0
20,3.0,5.0,257.0
17,0.0,4.0,258.0
20,0.0,3.0,259.0
19,0.0,3.0,260.0
18,0.0,3.0,261.0
16,1.0,4.0,262.0
20,2.0,6.0,263.0
19,1.0,6.0,264.0
18,2.0,5.0,265.0
17,2.0,3.0,266.0
17,2.0,2.0,267.0
18,3.0,1.0,268.0
14,2.0,1.0,269.0
12,1.0,1.0,270.0
14,2.0,2.0,271.0
18,3.0,2.0,272.0
20,3.0,2.0,273.0
20,2.0,3.0,274.0
18,3.0,4.0,275.0
17,4.0,4.0,276.0
18,2.0,2.0,277.0
19,2.0,2.0,278.0
20,2.0,3.0,279.0
19,3.0,3.0,280.0
17,4.0,3.0,281.0
19,3.0,3.0,282.0
18,3.0,4.0,283.0
19,3.0,4.0,284.0
18,2.0,4.0,285.0
17,2.0,5.0,286.0
19,3.0,6.0,287.0
19,3.0,6.0,288.0
18,2.0,6.0,289.0
20,2.0,7.0,290.0
20,2.0,8.0,291.0
18,1.0,8.0,292.0
20,3.0,10.0,293.0
20,2.0,10.0,294.0
18,2.0,8.0,295.0
16,1.0,5.0,296.0
13,1.0,5.0,297.0
13,3.0,4.0,298.0
16,5.0,3.0,299.0
18,6.0,3.0,300.0
16,4.0,3.0,301.0
19,5.0,4.0,302.0
20,5.0,4.0,303.0
20,3.0,5.0,304.0
19,4.0,8.0,305.0
19,3.0,8.0,306.0
20,4.0,7.0,307.0
20,6.0,8.0,308.0
20,7.0,9.0,309.0
18,6.0,6.0,310.0
20,4.0,6.0,311.0
19,3.0,4.0,312.0
16,3.0,2.0,313.0
20,7.0,3.0,314.0
20,5.0,4.0,315.0
18,3.0,5.0,316.0
17,3.0,5.0,317.0
19,3.0,7.0,318.0
20,4.0,7.0,319.0
20,4.0,8.0,320.0
20,3.0,5.0,321.0
19,2.0,6.0,322.0
15,2.0,6.0,323.0
18,3.0,6.0,324.0
20,3.0,7.0,325.0
18,1.0,8.0,326.0
20,2.0,8.0,327.0
20,3.0,8.0,328.0
20,5.0,7.0,329.0
19,3.0,6.0,330.0
20,2.0,3.0,331.0
17,2.0,2.0,332.0
17,1.0,3.0,333.0
17,1.0,3.0,334.0
17,0.0,4.0,335.0
20,2.0,3.0,336.0
15,2.0,3.0,337.0
13,3.0,2.0,338.0
16,3.0,2.0,339.0
20,6.0,2.0,340.0
18,6.0,1.0,341.0
15,4.0,1.0,342.0
11,3.0,2.0,343.0
15,6.0,3.0,344.0
18,6.0,3.0,345.0
20,3.0,2.0,346.0
18,1.0,1.0,347.0
20,1.0,1.0,348.0
18,2.0,1.0,349.0
14,2.0,2.0,350.0
20,2.0,1.0,351.0
18,2.0,0.0,352.0
20,3.0,0.0,353.0
17,2.0,2.0,354.0
16,3.0,3.0,355.0
19,5.0,3.0,356.0
18,5.0,3.0,357.0
20,2.0,2.0,358.0
20,2.0,3.0,359.0
15,1.0,5.0,360.0
20,3.0,7.0,361.0
18,3.0,8.0,362.0
18,4.0,6.0,363.0
20,4.0,6.0,364.0
16,3.0,5.0,365.0
12,2.0,2.0,90.0
12,4.0,2.0,91.0
15,2.0,2.0,92.0
16,3.0,1.0,93.0
19,3.0,1.0,94.0
20,5.0,2.0,95.0
16,4.0,2.0,96.0
15,2.0,3.0,97.0
15,2.0,3.0,98.0
17,1.0,1.0,99.0
17,1.0,1.0,100.0
18,3.0,1.0,101.0
15,2.0,1.0,102.0
11,2.0,1.0,103.0
11,3.0,0.0,104.0
14,3.0,0.0,105.0
14,4.0,0.0,106.0
17,4.0,0.0,107.0
20,6.0,0.0,108.0
19,6.0,0.0,109.0
19,4.0,0.0,110.0
17,5.0,0.0,111.0
12,2.0,0.0,112.0
11,2.0,0.0,113.0
17,2.0,0.0,114.0
19,4.0,0.0,115.0
19,5.0,0.0,116.0
19,4.0,0.0,117.0
18,1.0,1.0,118.0
19,3.0,1.0,119.0
18,2.0,1.0,120.0
20,3.0,1.0,121.0
19,3.0,1.0,122.0
15,2.0,1.0,123.0
17,6.0,1.0,124.0
16,5.0,1.0,125.0
20,5.0,1.0,126.0
19,5.0,2.0,127.0
13,3.0,2.0,128.0
20,7.0,1.0,129.0
19,6.0,1.0,130.0
19,3.0,0.0,131.0
19,4.0,0.0,132.0
18,3.0,0.0,133.0
19,3.0,0.0,134.0
18,4.0,0.0,135.0
16,3.0,0.0,136.0
19,3.0,0.0,137.0
15,3.0,0.0,138.0
20,4.0,0.0,139.0
17,4.0,0.0,140.0
19,6.0,0.0,141.0
17,7.0,0.0,142.0
19,7.0,0.0,143.0
15,5.0,0.0,144.0
13,6.0,0.0,145.0
16,3.0,0.0,146.0
15,2.0,0.0,147.0
16,4.0,0.0,148.0
18,5.0,0.0,149.0
19,3.0,0.0,150.0
19,3.0,0.0,151.0
16,3.0,0.0,152.0
18,4.0,0.0,153.0
19,5.0,0.0,154.0
16,4.0,0.0,155.0
18,3.0,0.0,156.0
18,3.0,0.0,157.0
20,4.0,0.0,158.0
20,6.0,0.0,159.0
18,3.0,0.0,160.0
19,3.0,0.0,161.0
19,5.0,0.0,162.0
19,6.0,0.0,163.0
15,4.0,0.0,164.0
16,2.0,0.0,165.0
18,3.0,0.0,166.0
18,5.0,0.0,167.0
17,4.0,1.0,168.0
19,3.0,1.0,169.0
16,4.0,1.0,170.0
17,3.0,0.0,171.0
18,3.0,0.0,172.0
20,3.0,0.0,173.0
18,3.0,0.0,174.0
16,4.0,0.0,175.0
19,6.0,0.0,176.0
19,6.0,0.0,177.0
20,5.0,0.0,178.0
15,5.0,0.0,179.0
11,3.0,0.0,180.0
17,4.0,0.0,181.0
13,4.0,0.0,182.0
16,5.0,0.0,183.0
17,5.0,0.0,184.0
18,6.0,0.0,185.0
15,7.0,0.0,186.0
18,6.0,0.0,187.0
20,7.0,0.0,188.0
20,4.0,0.0,189.0
19,3.0,0.0,190.0
20,4.0,0.0,191.0
17,4.0,0.0,192.0
17,3.0,1.0,193.0
19,5.0,1.0,194.0
13,3.0,1.0,195.0
17,3.0,1.0,196.0
20,3.0,2.0,197.0
19,2.0,0.0,198.0
20,3.0,0.0,199.0
20,3.0,0.0,200.0
19,5.0,0.0,201.0
20,4.0,0.0,202.0
18,5.0,0.0,203.0
19,3.0,0.0,204.0
18,3.0,0.0,205.0
20,4.0,0.0,206.0
19,4.0,0.0,207.0
20,5.0,1.0,208.0
19,3.0,1.0,209.0
19,3.0,0.0,210.0
18,2.0,0.0,211.0
13,2.0,0.0,212.0
10,1.0,0.0,213.0
13,1.0,0.0,214.0
15,1.0,0.0,215.0
19,3.0,0.0,216.0
20,4.0,0.0,217.0
19,4.0,0.0,218.0
20,6.0,0.0,219.0
16,6.0,0.0,220.0
16,2.0,0.0,221.0
18,2.0,0.0,222.0
20,2.0,0.0,223.0
14,0.0,0.0,224.0
11,0.0,0.0,225.0
15,2.0,0.0,226.0
17,4.0,0.0,227.0
15,4.0,0.0,228.0
19,6.0,1.0,229.0
17,5.0,1.0,230.0
20,7.0,1.0,231.0
20,7.0,1.0,232.0
19,5.0,1.0,233.0
19,2.0,1.0,234.0
19,2.0,1.0,235.0
20,3.0,1.0,236.0
15,3.0,1.0,237.0
18,5.0,1.0,238.0
16,4.0,1.0,239.0
13,2.0,1.0,240.0
11,3.0,0.0,241.0
12,4.0,0.0,242.0
16,5.0,0.0,243.0
14,1.0,0.0,244.0
12,1.0,0.0,245.0
14,1.0,0.0,246.0
17,2.0,0.0,247.0
20,2.0,0.0,248.0
19,1.0,0.0,249.0
20,1.0,0.0,250.0
18,1.0,1.0,251.0
18,0.0,2.0,252.0
19,0.0,2.0,253.0
18,0.0,2.0,254.0
19,1.0,1.0,255.0
16,0.0,0.0,256.0
20,1.0,0.0,257.0
16,1.0,1.0,258.0
19,5.0,1.0,259.0
19,4.0,2.0,260.0
20,2.0,1.0,261.0
20,1.0,1.0,262.0
20,1.0,1.0,263.0
19,1.0,3.0,264.0
20,2.0,3.0,265.0
20,2.0,3.0,266.0
19,2.0,1.0,267.0
19,1.0,2.0,268.0
19,1.0,3.0,269.0
18,2.0,4.0,270.0
18,2.0,4.0,271.0
20,4.0,4.0,272.0
20,4.0,4.0,273.0
19,2.0,2.0,274.0
19,2.0,2.0,275.0
20,2.0,3.0,276.0
17,1.0,2.0,277.0
19,1.0,2.0,278.0
11,2.0,2.0,279.0
18,4.0,2.0,280.0
17,4.0,3.0,281.0
16,4.0,3.0,282.0
20,3.0,3.0,283.0
18,4.0,3.0,284.0
19,4.0,2.0,285.0
19,2.0,2.0,286.0
17,1.0,1.0,287.0
19,4.0,3.0,288.0
20,5.0,4.0,289.0
20,5.0,4.0,290.0
19,5.0,3.0,291.0
16,4.0,3.0,292.0
18,4.0,4.0,293.0
18,7.0,4.0,294.0
17,5.0,3.0,295.0
19,7.0,3.0,296.0
19,7.0,4.0,297.0
20,7.0,3.0,298.0
14,6.0,3.0,299.0
16,5.0,4.0,300.0
17,6.0,3.0,301.0
20,8.0,3.0,302.0
17,6.0,3.0,303.0
18,6.0,3.0,304.0
16,5.0,2.0,305.0
17,4.0,1.0,306.0
20,3.0,2.0,307.0
16,2.0,2.0,308.0
15,1.0,4.0,309.0
17,3.0,4.0,310.0
19,2.0,4.0,311.0
18,4.0,4.0,312.0
17,3.0,4.0,313.0
18,4.0,2.0,314.0
20,3.0,3.0,315.0
17,2.0,4.0,316.0
17,4.0,4.0,317.0
18,5.0,5.0,318.0
19,5.0,5.0,319.0
19,4.0,5.0,320.0
20,3.0,7.0,321.0
20,1.0,5.0,322.0
20,2.0,7.0,323.0
20,3.0,7.0,324.0
20,2.0,8.0,325.0
20,4.0,7.0,326.0
18,3.0,9.0,327.0
18,5.0,8.0,328.0
20,4.0,7.0,329.0
17,4.0,4.0,330.0
20,4.0,4.0,331.0
16,4.0,3.0,332.0
18,6.0,3.0,333.0
17,6.0,4.0,334.0
15,5.0,3.0,335.0
20,6.0,3.0,336.0
19,4.0,2.0,337.0
19,6.0,2.0,338.0
16,5.0,1.0,339.0
18,6.0,1.0,340.0
18,5.0,1.0,341.0
15,3.0,1.0,342.0
12,5.0,0.0,343.0
11,3.0,1.0,344.0
15,3.0,1.0,345.0
15,4.0,1.0,346.0
15,4.0,1.0,347.0
15,2.0,0.0,348.0
13,2.0,0.0,349.0
17,2.0,0.0,350.0
15,2.0,0.0,351.0
15,2.0,0.0,352.0
18,3.0,0.0,353.0
20,4.0,0.0,354.0
17,3.0,0.0,355.0
16,4.0,0.0,356.0
15,3.0,0.0,357.0
19,4.0,0.0,358.0
15,1.0,0.0,359.0
16,3.0,0.0,360.0
18,5.0,0.0,361.0
15,4.0,0.0,362.0
15,4.0,1.0,363.0
19,5.0,1.0,364.0
19,5.0,1.0,365.0
20,3.0,0.0,90.0
16,3.0,0.0,91.0
20,1.0,0.0,92.0
17,1.0,0.0,93.0
18,2.0,0.0,94.0
19,5.0,0.0,95.0
20,8.0,0.0,96.0
19,8.0,0.0,97.0
17,6.0,0.0,98.0
18,3.0,0.0,99.0
20,4.0,0.0,100.0
20,4.0,0.0,101.0
17,3.0,0.0,102.0
19,5.0,0.0,103.0
19,3.0,0.0,104.0
15,3.0,0.0,105.0
16,3.0,0.0,106.0
20,4.0,0.0,107.0
20,4.0,0.0,108.0
17,3.0,0.0,109.0
20,3.0,0.0,110.0
20,4.0,0.0,111.0
19,3.0,0.0,112.0
20,2.0,0.0,113.0
19,0.0,0.0,114.0
20,1.0,0.0,115.0
16,1.0,0.0,116.0
16,1.0,0.0,117.0
17,1.0,0.0,118.0
20,4.0,0.0,119.0
16,3.0,0.0,120.0
16,3.0,0.0,121.0
20,4.0,0.0,122.0
17,5.0,0.0,123.0
20,5.0,0.0,124.0
17,5.0,0.0,125.0
15,3.0,0.0,126.0
18,3.0,0.0,127.0
14,1.0,0.0,128.0
19,3.0,0.0,129.0
20,3.0,0.0,130.0
19,4.0,0.0,131.0
19,5.0,0.0,132.0
13,4.0,0.0,133.0
15,3.0,0.0,134.0
18,6.0,0.0,135.0
20,5.0,0.0,136.0
16,2.0,0.0,137.0
14,2.0,0.0,138.0
20,6.0,0.0,139.0
19,4.0,0.0,140.0
18,4.0,0.0,141.0
18,4.0,0.0,142.0
20,7.0,0.0,143.0
20,4.0,0.0,144.0
18,4.0,0.0,145.0
16,3.0,0.0,146.0
14,3.0,0.0,147.0
18,3.0,0.0,148.0
20,6.0,0.0,149.0
19,7.0,0.0,150.0
16,5.0,0.0,151.0
19,6.0,0.0,152.0
13,3.0,0.0,153.0
15,4.0,0.0,154.0
16,2.0,0.0,155.0
20,3.0,0.0,156.0
16,1.0,0.0,157.0
14,2.0,0.0,158.0
18,4.0,0.0,159.0
20,4.0,0.0,160.0
18,3.0,0.0,161.0
20,2.0,0.0,162.0
19,4.0,0.0,163.0
19,3.0,0.0,164.0
16,3.0,0.0,165.0
18,2.0,0.0,166.0
20,1.0,0.0,167.0
20,0.0,0.0,168.0
19,1.0,0.0,169.0
16,1.0,0.0,170.0
13,3.0,0.0,171.0
16,4.0,0.0,172.0
20,1.0,0.0,173.0
17,2.0,0.0,174.0
17,2.0,0.0,175.0
19,4.0,0.0,176.0
20,4.0,0.0,177.0
16,3.0,0.0,178.0
18,4.0,0.0,179.0
20,4.0,0.0,180.0
16,4.0,0.0,181.0
19,3.0,0.0,182.0
20,4.0,0.0,183.0
20,3.0,0.0,184.0
19,4.0,0.0,185.0
17,4.0,0.0,186.0
19,5.0,0.0,187.0
18,4.0,0.0,188.0
16,4.0,0.0,189.0
17,4.0,0.0,190.0
17,4.0,0.0,191.0
18,4.0,0.0,192.0
19,6.0,0.0,193.0
18,5.0,0.0,194.0
16,4.0,0.0,195.0
17,3.0,0.0,196.0
12,2.0,0.0,197.0
18,1.0,0.0,198.0
18,1.0,0.0,199.0
20,1.0,0.0,200.0
20,1.0,0.0,201.0
19,1.0,0.0,202.0
20,5.0,0.0,203.0
19,3.0,0.0,204.0
19,3.0,0.0,205.0
15,2.0,0.0,206.0
15,3.0,0.0,207.0
15,4.0,0.0,208.0
15,2.0,0.0,209.0
17,4.0,0.0,210.0
17,4.0,0.0,211.0
17,4.0,0.0,212.0
17,2.0,0.0,213.0
18,3.0,0.0,214.0
18,3.0,0.0,215.0
19,5.0,0.0,216.0
17,4.0,0.0,217.0
16,2.0,0.0,218.0
15,2.0,0.0,219.0
17,1.0,0.0,220.0
20,1.0,0.0,221.0
20,1.0,0.0,222.0
15,2.0,0.0,223.0
20,3.0,0.0,224.0
17,5.0,0.0,225.0
14,2.0,0.0,226.0
18,2.0,0.0,227.0
14,2.0,0.0,228.0
15,1.0,0.0,229.0
19,1.0,0.0,230.0
20,2.0,0.0,231.0
17,2.0,0.0,232.0
20,2.0,0.0,233.0
17,2.0,0.0,234.0
19,4.0,0.0,235.0
19,4.0,0.0,236.0
19,4.0,0.0,237.0
20,2.0,0.0,238.0
17,3.0,0.0,239.0
20,5.0,0.0,240.0
20,4.0,0.0,241.0
12,2.0,0.0,242.0
15,3.0,0.0,243.0
14,2.0,0.0,244.0
18,2.0,0.0,245.0
20,4.0,0.0,246.0
15,1.0,0.0,247.0
17,1.0,0.0,248.0
18,2.0,0.0,249.0
15,2.0,0.0,250.0
15,3.0,0.0,251.0
17,7.0,0.0,252.0
12,2.0,0.0,253.0
20,3.0,0.0,254.0
17,2.0,0.0,255.0
13,3.0,0.0,256.0
13,4.0,0.0,257.0
15,3.0,0.0,258.0
20,3.0,0.0,259.0
18,2.0,0.0,260.0
18,2.0,0.0,261.0
20,4.0,0.0,262.0
19,3.0,0.0,263.0
17,3.0,0.0,264.0
20,3.0,0.0,265.0
18,2.0,0.0,266.0
20,5.0,0.0,267.0
20,7.0,0.0,268.0
18,7.0,0.0,269.0
19,7.0,0.0,270.0
16,4.0,0.0,271.0
19,4.0,0.0,272.0
19,7.0,0.0,273.0
19,7.0,0.0,274.0
20,6.0,0.0,275.0
20,5.0,0.0,276.0
18,4.0,0.0,277.0
18,4.0,0.0,278.0
14,2.0,0.0,279.0
14,3.0,0.0,280.0
19,4.0,0.0,281.0
17,4.0,0.0,282.0
20,5.0,0.0,283.0
18,5.0,0.0,284.0
18,4.0,0.0,285.0
20,3.0,0.0,286.0
19,2.0,0.0,287.0
20,4.0,0.0,288.0
20,4.0,0.0,289.0
17,5.0,0.0,290.0
16,4.0,0.0,291.0
17,5.0,0.0,292.0
20,6.0,0.0,293.0
20,5.0,0.0,294.0
14,3.0,0.0,295.0
20,5.0,0.0,296.0
20,4.0,0.0,297.0
17,4.0,0.0,298.0
17,2.0,0.0,299.0
17,1.0,0.0,300.0
19,1.0,0.0,301.0
18,4.0,0.0,302.0
18,5.0,0.0,303.0
20,6.0,0.0,304.0
18,4.0,0.0,305.0
16,4.0,0.0,306.0
16,5.0,0.0,307.0
14,5.0,0.0,308.0
16,5.0,0.0,309.0
16,3.0,0.0,310.0
19,5.0,0.0,311.0
16,4.0,0.0,312.0
18,5.0,0.0,313.0
20,5.0,0.0,314.0
17,4.0,0.0,315.0
19,5.0,0.0,316.0
19,3.0,0.0,317.0
18,3.0,0.0,318.0
18,3.0,0.0,319.0
14,1.0,0.0,320.0
17,1.0,0.0,321.0
20,1.0,0.0,322.0
18,1.0,0.0,323.0
20,0.0,0.0,324.0
19,2.0,0.0,325.0
16,2.0,0.0,326.0
15,2.0,0.0,327.0
12,1.0,0.0,328.0
15,2.0,0.0,329.0
17,2.0,0.0,330.0
18,1.0,0.0,331.0
20,2.0,0.0,332.0
18,3.0,0.0,333.0
14,3.0,0.0,334.0
14,3.0,0.0,335.0
13,3.0,0.0,336.0
12,2.0,0.0,337.0
13,1.0,0.0,338.0
16,3.0,0.0,339.0
14,3.0,0.0,340.0
15,2.0,0.0,341.0
20,2.0,0.0,342.0
20,3.0,0.0,343.0
19,3.0,0.0,344.0
13,2.0,0.0,345.0
19,3.0,0.0,346.0
16,1.0,0.0,347.0
18,1.0,0.0,348.0
20,1.0,0.0,349.0
18,1.0,0.0,350.0
14,1.0,0.0,351.0
19,2.0,0.0,352.0
14,4.0,0.0,353.0
18,7.0,0.0,354.0
18,6.0,0.0,355.0
15,5.0,0.0,356.0
16,6.0,0.0,357.0
15,4.0,0.0,358.0
19,5.0,0.0,359.0
15,4.0,0.0,360.0
19,3.0,0.0,361.0
15,1.0,0.0,362.0
14,0.0,0.0,363.0
15,0.0,0.0,364.0
11,0.0,0.0,365.0
15,5.0,0.0,90.0
16,3.0,0.0,91.0
19,5.0,0.0,92.0
18,6.0,0.0,93.0
20,6.0,0.0,94.0
17,6.0,0.0,95.0
18,4.0,0.0,96.0
19,3.0,0.0,97.0
18,4.0,0.0,98.0
16,5.0,0.0,99.0
18,6.0,0.0,100.0
19,8.0,0.0,101.0
19,6.0,0.0,102.0
20,9.0,0.0,103.0
17,7.0,0.0,104.0
20,7.0,0.0,105.0
18,6.0,0.0,106.0
20,7.0,0.0,107.0
16,5.0,0.0,108.0
18,7.0,0.0,109.0
18,6.0,0.0,110.0
20,4.0,0.0,111.0
17,3.0,0.0,112.0
20,4.0,0.0,113.0
20,5.0,0.0,114.0
20,5.0,0.0,115.0
17,5.0,0.0,116.0
15,4.0,0.0,117.0
18,3.0,0.0,118.0
20,4.0,0.0,119.0
19,3.0,0.0,120.0
16,3.0,0.0,121.0
15,2.0,0.0,122.0
14,1.0,0.0,123.0
13,1.0,0.0,124.0
18,4.0,0.0,125.0
18,3.0,0.0,126.0
15,2.0,0.0,127.0
15,2.0,0.0,128.0
17,2.0,0.0,129.0
14,2.0,0.0,130.0
20,2.0,0.0,131.0
15,2.0,0.0,132.0
14,1.0,0.0,133.0
20,1.0,0.0,134.0
16,2.0,0.0,135.0
17,2.0,0.0,136.0
20,3.0,0.0,137.0
19,3.0,0.0,138.0
16,1.0,0.0,139.0
16,1.0,0.0,140.0
18,1.0,0.0,141.0
18,2.0,0.0,142.0
15,3.0,0.0,143.0
16,1.0,0.0,144.0
13,2.0,0.0,145.0
20,7.0,0.0,146.0
18,3.0,0.0,147.0
18,4.0,0.0,148.0
20,3.0,0.0,149.0
18,3.0,0.0,150.0
20,3.0,0.0,151.0
20,2.0,0.0,152.0
20,3.0,0.0,153.0
19,3.0,0.0,154.0
20,4.0,0.0,155.0
20,5.0,0.0,156.0
20,3.0,0.0,157.0
19,4.0,0.0,158.0
20,5.0,0.0,159.0
16,5.0,0.0,160.0
19,5.0,0.0,161.0
14,3.0,0.0,162.0
19,3.0,0.0,163.0
19,5.0,0.0,164.0
20,5.0,0.0,165.0
20,7.0,0.0,166.0
18,6.0,0.0,167.0
14,5.0,0.0,168.0
17,4.0,0.0,169.0
13,3.0,0.0,170.0
12,2.0,0.0,171.0
12,2.0,0.0,172.0
11,2.0,0.0,173.0
19,6.0,0.0,174.0
17,4.0,0.0,175.0
19,4.0,0.0,176.0
17,2.0,0.0,177.0
19,1.0,0.0,178.0
17,0.0,0.0,179.0
20,1.0,0.0,180.0
18,1.0,0.0,181.0
17,1.0,0.0,182.0
17,1.0,0.0,183.0
19,2.0,0.0,184.0
20,2.0,0.0,185.0
15,0.0,0.0,186.0
17,2.0,0.0,187.0
16,2.0,0.0,188.0
18,1.0,0.0,189.0
20,1.0,0.0,190.0
15,2.0,0.0,191.0
17,2.0,0.0,192.0
19,3.0,0.0,193.0
17,2.0,0.0,194.0
15,2.0,0.0,195.0
18,1.0,0.0,196.0
20,3.0,0.0,197.0
20,3.0,0.0,198.0
18,3.0,0.0,199.0
15,3.0,0.0,200.0
16,2.0,0.0,201.0
20,3.0,0.0,202.0
20,3.0,0.0,203.0
18,4.0,0.0,204.0
18,3.0,0.0,205.0
19,2.0,0.0,206.0
20,2.0,0.0,207.0
16,1.0,0.0,208.0
13,1.0,0.0,209.0
18,2.0,0.0,210.0
16,2.0,0.0,211.0
20,2.0,0.0,212.0
18,3.0,0.0,213.0
17,3.0,0.0,214.0
20,4.0,0.0,215.0
20,5.0,0.0,216.0
20,6.0,0.0,217.0
19,3.0,0.0,218.0
19,3.0,0.0,219.0
18,3.0,0.0,220.0
16,1.0,0.0,221.0
19,4.0,0.0,222.0
14,2.0,0.0,223.0
17,4.0,0.0,224.0
17,4.0,0.0,225.0
18,3.0,0.0,226.0
19,5.0,0.0,227.0
17,4.0,0.0,228.0
15,5.0,0.0,229.0
19,7.0,0.0,230.0
20,6.0,0.0,231.0
19,6.0,0.0,232.0
19,6.0,0.0,233.0
20,6.0,0.0,234.0
17,6.0,0.0,235.0
19,6.0,0.0,236.0
17,4.0,0.0,237.0
17,5.0,0.0,238.0
17,3.0,0.0,239.0
20,6.0,0.0,240.0
20,5.0,0.0,241.0
17,4.0,0.0,242.0
18,2.0,0.0,243.0
15,3.0,0.0,244.0
15,6.0,0.0,245.0
17,6.0,0.0,246.0
18,6.0,0.0,247.0
17,4.0,0.0,248.0
19,4.0,0.0,249.0
19,2.0,0.0,250.0
19,4.0,0.0,251.0
20,4.0,0.0,252.0
19,6.0,0.0,253.0
19,6.0,0.0,254.0
20,7.0,0.0,255.0
19,6.0,0.0,256.0
17,4.0,0.0,257.0
18,5.0,0.0,258.0
19,5.0,0.0,259.0
20,5.0,0.0,260.0
16,5.0,0.0,261.0
20,8.0,0.0,262.0
14,6.0,0.0,263.0
20,9.0,0.0,264.0
19,8.0,0.0,265.0
18,6.0,0.0,266.0
20,6.0,0.0,267.0
20,6.0,0.0,268.0
16,4.0,0.0,269.0
17,5.0,0.0,270.0
19,4.0,0.0,271.0
19,2.0,0.0,272.0
19,2.0,0.0,273.0
19,2.0,0.0,274.0
17,2.0,0.0,275.0
19,3.0,0.0,276.0
18,5.0,0.0,277.0
19,6.0,0.0,278.0
19,5.0,0.0,279.0
18,4.0,0.0,280.0
20,2.0,0.0,281.0
18,1.0,0.0,282.0
20,2.0,0.0,283.0
17,0.0,0.0,284.0
17,2.0,0.0,285.0
16,1.0,0.0,286.0
20,1.0,0.0,287.0
20,2.0,0.0,288.0
20,3.0,0.0,289.0
16,2.0,0.0,290.0
18,2.0,0.0,291.0
19,2.0,0.0,292.0
18,1.0,0.0,293.0
18,2.0,0.0,294.0
20,3.0,0.0,295.0
19,3.0,0.0,296.0
20,2.0,0.0,297.0
19,3.0,0.0,298.0
20,2.0,0.0,299.0
15,2.0,0.0,300.0
12,2.0,0.0,301.0
14,3.0,0.0,302.0
16,5.0,0.0,303.0
19,6.0,0.0,304.0
19,6.0,0.0,305.0
20,4.0,0.0,306.0
17,3.0,0.0,307.0
20,4.0,0.0,308.0
15,3.0,0.0,309.0
20,4.0,0.0,310.0
18,2.0,0.0,311.0
20,0.0,0.0,312.0
18,0.0,0.0,313.0
20,2.0,0.0,314.0
18,2.0,0.0,315.0
18,3.0,0.0,316.0
18,3.0,0.0,317.0
19,3.0,0.0,318.0
19,2.0,0.0,319.0
14,2.0,0.0,320.0
18,4.0,0.0,321.0
16,5.0,0.0,322.0
16,4.0,0.0,323.0
13,2.0,0.0,324.0
12,2.0,0.0,325.0
16,4.0,0.0,326.0
19,3.0,0.0,327.0
20,3.0,0.0,328.0
19,4.0,0.0,329.0
17,5.0,0.0,330.0
14,4.0,0.0,331.0
12,2.0,0.0,332.0
14,2.0,0.0,333.0
20,2.0,0.0,334.0
19,5.0,0.0,335.0
16,4.0,0.0,336.0
16,3.0,0.0,337.0
18,2.0,0.0,338.0
16,1.0,0.0,339.0
18,2.0,0.0,340.0
16,3.0,0.0,341.0
14,3.0,0.0,342.0
15,3.0,0.0,343.0
13,4.0,0.0,344.0
9,4.0,0.0,345.0
13,8.0,0.0,346.0
12,3.0,0.0,347.0
20,4.0,0.0,348.0
14,2.0,0.0,349.0
15,0.0,0.0,350.0
19,1.0,0.0,351.0
20,1.0,0.0,352.0
19,0.0,0.0,353.0
18,1.0,0.0,354.0
18,2.0,0.0,355.0
15,3.0,0.0,356.0
15,1.0,0.0,357.0
13,0.0,0.0,358.0
17,2.0,0.0,359.0
20,2.0,0.0,360.0
16,1.0,0.0,361.0
20,2.0,0.0,362.0
16,1.0,0.0,363.0
20,1.0,0.0,364.0
20,2.0,0.0,365.0
18,4.0,0.0,90.0
15,1.0,0.0,91.0
17,3.0,0.0,92.0
20,3.0,0.0,93.0
20,4.0,0.0,94.0
19,5.0,0.0,95.0
19,3.0,0.0,96.0
17,3.0,0.0,97.0
20,4.0,0.0,98.0
20,4.0,0.0,99.0
20,3.0,0.0,100.0
18,2.0,0.0,101.0
19,2.0,0.0,102.0
19,2.0,0.0,103.0
16,1.0,0.0,104.0
17,4.0,0.0,105.0
15,2.0,0.0,106.0
15,4.0,0.0,107.0
20,2.0,0.0,108.0
18,1.0,0.0,109.0
18,0.0,0.0,110.0
14,2.0,0.0,111.0
14,0.0,0.0,112.0
13,2.0,0.0,113.0
18,3.0,0.0,114.0
17,3.0,0.0,115.0
17,4.0,0.0,116.0
17,3.0,0.0,117.0
17,2.0,0.0,118.0
18,2.0,0.0,119.0
18,3.0,0.0,120.0
19,2.0,0.0,121.0
19,3.0,0.0,122.0
18,3.0,0.0,123.0
19,3.0,0.0,124.0
18,2.0,0.0,125.0
15,2.0,0.0,126.0
20,4.0,0.0,127.0
20,3.0,0.0,128.0
18,3.0,0.0,129.0
17,2.0,0.0,130.0
18,3.0,0.0,131.0
20,4.0,0.0,132.0
20,4.0,0.0,133.0
17,3.0,0.0,134.0
17,1.0,0.0,135.0
16,2.0,0.0,136.0
15,1.0,0.0,137.0
17,1.0,0.0,138.0
20,0.0,0.0,139.0
19,0.0,0.0,140.0
14,0.0,0.0,141.0
20,2.0,0.0,142.0
19,3.0,0.0,143.0
13,1.0,0.0,144.0
20,3.0,0.0,145.0
17,3.0,0.0,146.0
13,3.0,0.0,147.0
14,4.0,0.0,148.0
15,4.0,0.0,149.0
17,3.0,0.0,150.0
20,4.0,0.0,151.0
17,5.0,0.0,152.0
20,6.0,0.0,153.0
18,4.0,0.0,154.0
20,3.0,0.0,155.0
20,3.0,0.0,156.0
16,2.0,0.0,157.0
18,3.0,0.0,158.0
17,3.0,0.0,159.0
19,5.0,0.0,160.0
18,4.0,0.0,161.0
18,3.0,0.0,162.0
19,1.0,0.0,163.0
20,2.0,0.0,164.0
19,5.0,0.0,165.0
18,4.0,0.0,166.0
17,4.0,0.0,167.0
16,2.0,0.0,168.0
20,3.0,0.0,169.0
20,3.0,0.0,170.0
20,3.0,0.0,171.0
14,3.0,0.0,172.0
16,5.0,0.0,173.0
15,4.0,0.0,174.0
12,3.0,0.0,175.0
17,5.0,0.0,176.0
16,5.0,0.0,177.0
18,6.0,0.0,178.0
14,5.0,0.0,179.0
16,5.0,0.0,180.0
18,5.0,0.0,181.0
14,4.0,0.0,182.0
20,2.0,0.0,183.0
20,2.0,0.0,184.0
15,2.0,0.0,185.0
14,3.0,0.0,186.0
20,3.0,0.0,187.0
18,3.0,0.0,188.0
18,5.0,0.0,189.0
11,3.0,0.0,190.0
9,3.0,0.0,191.0
9,3.0,0.0,192.0
11,4.0,0.0,193.0
16,4.0,0.0,194.0
19,4.0,0.0,195.0
13,3.0,0.0,196.0
18,4.0,0.0,197.0
17,5.0,0.0,198.0
20,6.0,0.0,199.0
14,5.0,0.0,200.0
12,5.0,0.0,201.0
17,4.0,0.0,202.0
18,5.0,0.0,203.0
20,6.0,0.0,204.0
18,7.0,0.0,205.0
15,4.0,0.0,206.0
19,4.0,0.0,207.0
16,3.0,0.0,208.0
17,3.0,0.0,209.0
19,3.0,0.0,210.0
19,5.0,0.0,211.0
20,6.0,0.0,212.0
17,4.0,0.0,213.0
18,5.0,0.0,214.0
20,4.0,0.0,215.0
19,7.0,0.0,216.0
18,5.0,0.0,217.0
18,4.0,0.0,218.0
19,3.0,0.0,219.0
20,6.0,0.0,220.0
20,5.0,0.0,221.0
18,5.0,0.0,222.0
20,4.0,0.0,223.0
18,2.0,0.0,224.0
20,5.0,0.0,225.0
19,3.0,0.0,226.0
19,3.0,0.0,227.0
20,3.0,0.0,228.0
16,3.0,0.0,229.0
19,3.0,0.0,230.0
18,5.0,0.0,231.0
17,3.0,0.0,232.0
17,3.0,0.0,233.0
20,5.0,0.0,234.0
19,5.0,0.0,235.0
16,4.0,0.0,236.0
16,5.0,0.0,237.0
16,5.0,0.0,238.0
14,8.0,0.0,239.0
20,7.0,0.0,240.0
18,5.0,0.0,241.0
16,4.0,0.0,242.0
19,2.0,0.0,243.0
14,1.0,0.0,244.0
18,3.0,0.0,245.0
19,3.0,0.0,246.0
17,3.0,0.0,247.0
16,4.0,0.0,248.0
16,5.0,0.0,249.0
18,6.0,0.0,250.0
19,9.0,0.0,251.0
19,7.0,0.0,252.0
17,6.0,0.0,253.0
19,6.0,0.0,254.0
14,4.0,0.0,255.0
18,4.0,0.0,256.0
20,4.0,0.0,257.0
15,3.0,0.0,258.0
20,2.0,0.0,259.0
17,3.0,0.0,260.0
15,3.0,0.0,261.0
17,2.0,0.0,262.0
20,3.0,0.0,263.0
18,3.0,0.0,264.0
18,3.0,0.0,265.0
15,2.0,0.0,266.0
16,2.0,0.0,267.0
17,0.0,0.0,268.0
16,1.0,0.0,269.0
18,2.0,0.0,270.0
18,3.0,0.0,271.0
20,4.0,0.0,272.0
19,2.0,0.0,273.0
20,2.0,0.0,274.0
18,3.0,0.0,275.0
17,3.0,0.0,276.0
19,3.0,0.0,277.0
20,2.0,0.0,278.0
20,2.0,0.0,279.0
17,1.0,0.0,280.0
14,0.0,0.0,281.0
18,2.0,0.0,282.0
20,3.0,0.0,283.0
19,2.0,0.0,284.0
17,2.0,0.0,285.0
18,1.0,0.0,286.0
17,2.0,0.0,287.0
16,4.0,0.0,288.0
15,4.0,0.0,289.0
16,5.0,0.0,290.0
15,5.0,0.0,291.0
18,7.0,0.0,292.0
20,7.0,0.0,293.0
17,5.0,0.0,294.0
19,4.0,0.0,295.0
16,4.0,0.0,296.0
17,4.0,0.0,297.0
18,5.0,0.0,298.0
17,3.0,0.0,299.0
20,2.0,0.0,300.0
18,3.0,0.0,301.0
11,3.0,0.0,302.0
16,6.0,0.0,303.0
20,6.0,0.0,304.0
17,4.0,0.0,305.0
13,3.0,0.0,306.0
19,6.0,0.0,307.0
19,6.0,0.0,308.0
17,6.0,0.0,309.0
16,4.0,0.0,310.0
16,4.0,0.0,311.0
19,4.0,0.0,312.0
15,4.0,0.0,313.0
16,6.0,0.0,314.0
15,4.0,0.0,315.0
15,3.0,0.0,316.0
16,3.0,0.0,317.0
11,3.0,0.0,318.0
16,3.0,0.0,319.0
20,2.0,0.0,320.0
16,3.0,0.0,321.0
19,6.0,0.0,322.0
20,7.0,0.0,323.0
17,5.0,0.0,324.0
16,4.0,0.0,325.0
20,6.0,0.0,326.0
16,2.0,0.0,327.0
11,1.0,0.0,328.0
13,2.0,0.0,329.0
19,3.0,0.0,330.0
18,5.0,0.0,331.0
18,5.0,0.0,332.0
20,5.0,0.0,333.0
17,5.0,0.0,334.0
20,7.0,0.0,335.0
15,5.0,0.0,336.0
14,3.0,0.0,337.0
15,3.0,0.0,338.0
20,4.0,0.0,339.0
19,4.0,0.0,340.0
20,4.0,0.0,341.0
19,3.0,0.0,342.0
20,2.0,0.0,343.0
20,2.0,0.0,344.0
17,1.0,0.0,345.0
18,1.0,0.0,346.0
18,1.0,0.0,347.0
15,1.0,0.0,348.0
19,3.0,0.0,349.0
16,2.0,0.0,350.0
18,3.0,0.0,351.0
20,3.0,0.0,352.0
19,3.0,0.0,353.0
18,4.0,0.0,354.0
18,5.0,0.0,355.0
19,7.0,0.0,356.0
19,7.0,0.0,357.0
19,6.0,0.0,358.0
18,7.0,0.0,359.0
20,6.0,0.0,360.0
20,5.0,0.0,361.0
16,6.0,0.0,362.0
19,7.0,0.0,363.0
16,7.0,0.0,364.0
18,7.0,0.0,365.0
18,3.0,0.0,90.0
19,3.0,0.0,91.0
20,2.0,0.0,92.0
18,0.0,0.0,93.0
14,1.0,0.0,94.0
17,2.0,0.0,95.0
14,2.0,0.0,96.0
18,5.0,0.0,97.0
19,5.0,0.0,98.0
18,6.0,0.0,99.0
20,6.0,0.0,100.0
19,6.0,0.0,101.0
14,7.0,0.0,102.0
19,9.0,0.0,103.0
18,9.0,0.0,104.0
19,8.0,0.0,105.0
17,7.0,0.0,106.0
17,5.0,0.0,107.0
20,4.0,0.0,108.0
19,4.0,0.0,109.0
20,4.0,0.0,110.0
18,5.0,0.0,111.0
17,4.0,0.0,112.0
12,3.0,0.0,113.0
19,2.0,0.0,114.0
18,3.0,0.0,115.0
17,5.0,0.0,116.0
19,4.0,0.0,117.0
19,3.0,0.0,118.0
15,2.0,0.0,119.0
11,2.0,0.0,120.0
11,4.0,0.0,121.0
10,4.0,0.0,122.0
14,6.0,0.0,123.0
17,6.0,0.0,124.0
17,3.0,0.0,125.0
16,1.0,0.0,126.0
12,1.0,0.0,127.0
15,2.0,0.0,128.0
18,4.0,0.0,129.0
19,2.0,0.0,130.0
18,1.0,0.0,131.0
18,1.0,0.0,132.0
20,4.0,0.0,133.0
20,2.0,0.0,134.0
14,0.0,0.0,135.0
19,2.0,0.0,136.0
19,1.0,0.0,137.0
20,0.0,0.0,138.0
19,2.0,0.0,139.0
18,2.0,0.0,140.0
19,1.0,0.0,141.0
18,2.0,0.0,142.0
16,3.0,0.0,143.0
19,5.0,0.0,144.0
19,3.0,0.0,145.0
20,4.0,0.0,146.0
20,5.0,0.0,147.0
18,3.0,0.0,148.0
16,3.0,0.0,149.0
17,4.0,0.0,150.0
20,5.0,0.0,151.0
16,5.0,0.0,152.0
17,4.0,0.0,153.0
16,3.0,0.0,154.0
18,4.0,0.0,155.0
19,5.0,0.0,156.0
19,6.0,0.0,157.0
19,7.0,0.0,158.0
20,7.0,0.0,159.0
15,3.0,0.0,160.0
19,2.0,0.0,161.0
18,3.0,0.0,162.0
20,5.0,0.0,163.0
19,5.0,0.0,164.0
17,2.0,0.0,165.0
20,1.0,0.0,166.0
20,2.0,0.0,167.0
16,2.0,0.0,168.0
13,2.0,0.0,169.0
16,3.0,0.0,170.0
18,4.0,0.0,171.0
18,5.0,0.0,172.0
18,4.0,0.0,173.0
19,6.0,0.0,174.0
20,6.0,0.0,175.0
19,5.0,0.0,176.0
16,5.0,0.0,177.0
17,5.0,0.0,178.0
14,4.0,0.0,179.0
12,4.0,0.0,180.0
13,4.0,0.0,181.0
13,3.0,0.0,182.0
18,6.0,0.0,183.0
18,5.0,0.0,184.0
19,4.0,0.0,185.0
20,6.0,0.0,186.0
12,4.0,0.0,187.0
12,5.0,0.0,188.0
15,5.0,0.0,189.0
19,5.0,0.0,190.0
20,5.0,0.0,191.0
18,5.0,0.0,192.0
19,4.0,0.0,193.0
18,3.0,0.0,194.0
17,3.0,0.0,195.0
20,3.0,0.0,196.0
20,3.0,0.0,197.0
18,2.0,0.0,198.0
20,3.0,0.0,199.0
19,4.0,0.0,200.0
18,4.0,0.0,201.0
17,4.0,0.0,202.0
19,4.0,0.0,203.0
19,3.0,0.0,204.0
15,2.0,0.0,205.0
19,3.0,0.0,206.0
20,3.0,0.0,207.0
20,3.0,0.0,208.0
20,4.0,0.0,209.0
19,3.0,0.0,210.0
18,2.0,0.0,211.0
19,2.0,0.0,212.0
17,2.0,0.0,213.0
20,2.0,0.0,214.0
18,1.0,0.0,215.0
15,3.0,0.0,216.0
20,2.0,0.0,217.0
18,2.0,0.0,218.0
20,4.0,0.0,219.0
17,4.0,0.0,220.0
18,3.0,0.0,221.0
14,2.0,0.0,222.0
18,2.0,0.0,223.0
19,2.0,0.0,224.0
20,5.0,0.0,225.0
20,4.0,0.0,226.0
20,5.0,0.0,227.0
19,3.0,0.0,228.0
20,3.0,0.0,229.0
19,3.0,0.0,230.0
19,4.0,0.0,231.0
20,4.0,0.0,232.0
16,4.0,0.0,233.0
20,8.0,0.0,234.0
18,8.0,0.0,235.0
20,8.0,0.0,236.0
18,8.0,0.0,237.0
18,7.0,0.0,238.0
18,8.0,0.0,239.0
20,11.0,0.0,240.0
18,7.0,0.0,241.0
18,6.0,0.0,242.0
20,7.0,0.0,243.0
17,8.0,0.0,244.0
17,7.0,0.0,245.0
20,8.0,0.0,246.0
20,7.0,0.0,247.0
20,7.0,0.0,248.0
20,5.0,0.0,249.0
18,4.0,0.0,250.0
20,5.0,0.0,251.0
20,5.0,0.0,252.0
18,5.0,0.0,253.0
17,4.0,0.0,254.0
20,6.0,0.0,255.0
18,4.0,0.0,256.0
16,3.0,0.0,257.0
18,4.0,0.0,258.0
18,4.0,0.0,259.0
14,4.0,0.0,260.0
13,5.0,0.0,261.0
18,4.0,0.0,262.0
19,5.0,0.0,263.0
20,4.0,0.0,264.0
18,3.0,0.0,265.0
10,1.0,0.0,266.0
14,2.0,0.0,267.0
14,5.0,0.0,268.0
18,5.0,0.0,269.0
18,5.0,0.0,270.0
17,4.0,0.0,271.0
17,4.0,0.0,272.0
20,5.0,0.0,273.0
17,3.0,0.0,274.0
20,3.0,0.0,275.0
18,6.0,0.0,276.0
20,6.0,0.0,277.0
19,2.0,0.0,278.0
20,4.0,0.0,279.0
19,4.0,0.0,280.0
20,5.0,0.0,281.0
18,4.0,0.0,282.0
19,3.0,0.0,283.0
14,2.0,0.0,284.0
12,2.0,0.0,285.0
15,4.0,0.0,286.0
15,5.0,0.0,287.0
17,5.0,0.0,288.0
20,6.0,0.0,289.0
18,6.0,0.0,290.0
20,5.0,0.0,291.0
14,3.0,0.0,292.0
17,4.0,0.0,293.0
20,5.0,0.0,294.0
19,5.0,0.0,295.0
20,4.0,0.0,296.0
19,2.0,0.0,297.0
17,4.0,0.0,298.0
17,3.0,0.0,299.0
20,4.0,0.0,300.0
16,4.0,0.0,301.0
15,0.0,0.0,302.0
16,0.0,0.0,303.0
20,4.0,0.0,304.0
14,2.0,0.0,305.0
19,1.0,0.0,306.0
20,1.0,0.0,307.0
20,1.0,0.0,308.0
19,2.0,0.0,309.0
19,3.0,0.0,310.0
20,4.0,0.0,311.0
20,3.0,0.0,312.0
12,1.0,0.0,313.0
19,4.0,0.0,314.0
18,3.0,0.0,315.0
18,4.0,0.0,316.0
16,3.0,0.0,317.0
20,5.0,0.0,318.0
19,5.0,0.0,319.0
16,4.0,0.0,320.0
20,4.0,0.0,321.0
18,4.0,0.0,322.0
20,4.0,0.0,323.0
20,2.0,0.0,324.0
18,1.0,0.0,325.0
16,1.0,0.0,326.0
18,2.0,0.0,327.0
17,1.0,0.0,328.0
18,1.0,0.0,329.0
16,2.0,0.0,330.0
16,2.0,0.0,331.0
15,1.0,0.0,332.0
20,1.0,0.0,333.0
20,2.0,0.0,334.0
20,2.0,0.0,335.0
18,2.0,0.0,336.0
20,4.0,0.0,337.0
18,5.0,0.0,338.0
20,6.0,0.0,339.0
19,5.0,0.0,340.0
19,6.0,0.0,341.0
13,3.0,0.0,342.0
13,4.0,0.0,343.0
16,5.0,0.0,344.0
19,6.0,0.0,345.0
20,6.0,0.0,346.0
19,5.0,0.0,347.0
18,4.0,0.0,348.0
17,2.0,0.0,349.0
19,5.0,0.0,350.0
20,5.0,0.0,351.0
18,4.0,0.0,352.0
18,2.0,0.0,353.0
19,1.0,0.0,354.0
19,2.0,0.0,355.0
16,1.0,0.0,356.0
16,2.0,0.0,357.0
17,1.0,0.0,358.0
17,2.0,0.0,359.0
17,3.0,0.0,360.0
17,3.0,0.0,361.0
20,3.0,0.0,362.0
20,3.0,0.0,363.0
17,3.0,0.0,364.0
20,3.0,0.0,365.0
12,3.0,0.0,90.0
10,2.0,0.0,91.0
8,1.0,0.0,92.0
13,4.0,0.0,93.0
15,7.0,0.0,94.0
18,8.0,0.0,95.0
19,10.0,0.0,96.0
16,6.0,0.0,97.0
18,7.0,0.0,98.0
12,3.0,0.0,99.0
6,1.0,0.0,100.0
9,2.0,0.0,101.0
9,1.0,0.0,102.0
10,0.0,0.0,103.0
20,1.0,0.0,104.0
19,1.0,1.0,105.0
19,2.0,1.0,106.0
18,4.0,1.0,107.0
17,6.0,1.0,108.0
18,5.0,0.0,109.0
20,5.0,0.0,110.0
16,3.0,0.0,111.0
17,3.0,0.0,112.0
17,2.0,0.0,113.0
14,2.0,0.0,114.0
16,3.0,0.0,115.0
17,3.0,0.0,116.0
19,2.0,0.0,117.0
20,2.0,0.0,118.0
19,3.0,1.0,119.0
18,2.0,1.0,120.0
14,2.0,1.0,121.0
19,2.0,2.0,122.0
17,2.0,2.0,123.0
20,3.0,2.0,124.0
18,1.0,3.0,125.0
17,2.0,3.0,126.0
17,4.0,2.0,127.0
19,3.0,2.0,128.0
17,2.0,3.0,129.0
11,2.0,3.0,130.0
13,2.0,4.0,131.0
19,5.0,3.0,132.0
18,4.0,3.0,133.0
14,2.0,4.0,134.0
19,4.0,4.0,135.0
19,3.0,6.0,136.0
18,2.0,5.0,137.0
18,2.0,3.0,138.0
15,3.0,1.0,139.0
15,3.0,1.0,140.0
13,2.0,3.0,141.0
14,2.0,3.0,142.0
14,3.0,2.0,143.0
18,3.0,1.0,144.0
17,2.0,0.0,145.0
19,2.0,0.0,146.0
20,3.0,1.0,147.0
19,5.0,1.0,148.0
18,4.0,2.0,149.0
17,6.0,3.0,150.0
17,7.0,3.0,151.0
18,8.0,4.0,152.0
18,9.0,5.0,153.0
20,9.0,4.0,154.0
16,7.0,2.0,155.0
17,4.0,2.0,156.0
16,3.0,2.0,157.0
18,5.0,4.0,158.0
20,4.0,4.0,159.0
18,4.0,2.0,160.0
18,4.0,3.0,161.0
18,3.0,3.0,162.0
19,2.0,3.0,163.0
19,3.0,2.0,164.0
18,5.0,2.0,165.0
19,6.0,2.0,166.0
18,5.0,2.0,167.0
20,8.0,2.0,168.0
17,6.0,1.0,169.0
19,5.0,0.0,170.0
18,7.0,0.0,171.0
19,3.0,0.0,172.0
18,3.0,0.0,173.0
16,2.0,0.0,174.0
17,3.0,1.0,175.0
17,2.0,1.0,176.0
16,1.0,1.0,177.0
15,1.0,1.0,178.0
19,1.0,1.0,179.0
18,1.0,1.0,180.0
19,2.0,0.0,181.0
19,2.0,0.0,182.0
19,3.0,0.0,183.0
20,2.0,0.0,184.0
20,4.0,0.0,185.0
20,4.0,1.0,186.0
17,4.0,1.0,187.0
15,3.0,2.0,188.0
16,5.0,2.0,189.0
19,6.0,3.0,190.0
19,4.0,3.0,191.0
20,4.0,5.0,192.0
19,3.0,6.0,193.0
19,2.0,6.0,194.0
20,3.0,6.0,195.0
19,2.0,4.0,196.0
19,3.0,2.0,197.0
18,5.0,2.0,198.0
18,6.0,1.0,199.0
19,7.0,0.0,200.0
20,6.0,0.0,201.0
20,6.0,1.0,202.0
20,5.0,2.0,203.0
20,4.0,2.0,204.0
19,5.0,1.0,205.0
18,3.0,1.0,206.0
19,3.0,1.0,207.0
18,3.0,1.0,208.0
20,2.0,1.0,209.0
19,1.0,1.0,210.0
19,2.0,1.0,211.0
18,2.0,1.0,212.0
20,3.0,2.0,213.0
20,3.0,1.0,214.0
17,2.0,2.0,215.0
20,4.0,2.0,216.0
20,4.0,2.0,217.0
20,4.0,1.0,218.0
20,4.0,2.0,219.0
19,4.0,2.0,220.0
20,3.0,3.0,221.0
20,4.0,2.0,222.0
17,4.0,2.0,223.0
20,5.0,1.0,224.0
19,3.0,1.0,225.0
18,0.0,2.0,226.0
19,1.0,2.0,227.0
20,2.0,2.0,228.0
14,1.0,3.0,229.0
14,1.0,3.0,230.0
14,1.0,4.0,231.0
15,0.0,4.0,232.0
13,0.0,5.0,233.0
16,1.0,5.0,234.0
14,0.0,5.0,235.0
16,1.0,4.0,236.0
20,1.0,4.0,237.0
18,1.0,4.0,238.0
20,1.0,3.0,239.0
17,2.0,4.0,240.0
19,1.0,4.0,241.0
18,1.0,5.0,242.0
17,0.0,5.0,243.0
15,1.0,3.0,244.0
16,2.0,3.0,245.0
18,2.0,5.0,246.0
18,3.0,5.0,247.0
16,2.0,5.0,248.0
20,2.0,4.0,249.0
19,3.0,3.0,250.0
17,3.0,2.0,251.0
15,3.0,1.0,252.0
20,4.0,2.0,253.0
17,3.0,2.0,254.0
17,2.0,1.0,255.0
15,3.0,1.0,256.0
19,4.0,2.0,257.0
20,5.0,2.0,258.0
16,5.0,1.0,259.0
20,5.0,2.0,260.0
20,6.0,2.0,261.0
19,3.0,4.0,262.0
20,3.0,4.0,263.0
19,4.0,5.0,264.0
16,2.0,4.0,265.0
18,2.0,4.0,266.0
19,5.0,4.0,267.0
19,4.0,4.0,268.0
19,4.0,4.0,269.0
20,5.0,5.0,270.0
19,3.0,4.0,271.0
20,4.0,4.0,272.0
19,3.0,5.0,273.0
17,4.0,4.0,274.0
16,4.0,3.0,275.0
19,5.0,3.0,276.0
20,5.0,3.0,277.0
14,2.0,3.0,278.0
14,3.0,3.0,279.0
19,3.0,3.0,280.0
20,2.0,1.0,281.0
20,1.0,2.0,282.0
15,0.0,2.0,283.0
20,1.0,3.0,284.0
18,1.0,4.0,285.0
17,1.0,6.0,286.0
20,1.0,7.0,287.0
20,1.0,7.0,288.0
16,1.0,5.0,289.0
17,2.0,5.0,290.0
18,2.0,5.0,291.0
20,1.0,6.0,292.0
18,1.0,7.0,293.0
20,1.0,7.0,294.0
20,0.0,6.0,295.0
20,1.0,5.0,296.0
20,3.0,5.0,297.0
20,4.0,5.0,298.0
18,4.0,5.0,299.0
15,0.0,5.0,300.0
17,0.0,4.0,301.0
20,0.0,4.0,302.0
18,0.0,3.0,303.0
17,2.0,1.0,304.0
20,3.0,2.0,305.0
20,3.0,2.0,306.0
19,4.0,3.0,307.0
18,4.0,4.0,308.0
17,5.0,4.0,309.0
16,4.0,2.0,310.0
19,7.0,0.0,311.0
13,3.0,0.0,312.0
17,3.0,0.0,313.0
18,3.0,0.0,314.0
20,5.0,0.0,315.0
17,5.0,0.0,316.0
14,5.0,0.0,317.0
19,5.0,0.0,318.0
15,3.0,0.0,319.0
18,4.0,1.0,320.0
17,3.0,1.0,321.0
20,3.0,1.0,322.0
19,3.0,0.0,323.0
18,3.0,0.0,324.0
18,3.0,0.0,325.0
17,3.0,0.0,326.0
20,3.0,0.0,327.0
18,3.0,0.0,328.0
20,4.0,0.0,329.0
19,4.0,0.0,330.0
19,5.0,0.0,331.0
19,4.0,0.0,332.0
16,4.0,0.0,333.0
20,5.0,0.0,334.0
19,4.0,0.0,335.0
16,2.0,0.0,336.0
19,1.0,0.0,337.0
19,3.0,0.0,338.0
20,4.0,0.0,339.0
19,4.0,0.0,340.0
20,3.0,0.0,341.0
20,3.0,0.0,342.0
17,5.0,0.0,343.0
15,6.0,0.0,344.0
13,3.0,0.0,345.0
12,3.0,1.0,346.0
12,3.0,0.0,347.0
14,2.0,0.0,348.0
12,3.0,0.0,349.0
13,4.0,0.0,350.0
15,5.0,0.0,351.0
17,4.0,0.0,352.0
17,4.0,0.0,353.0
17,3.0,0.0,354.0
19,4.0,0.0,355.0
20,4.0,1.0,356.0
18,4.0,1.0,357.0
20,6.0,1.0,358.0
19,4.0,1.0,359.0
16,3.0,1.0,360.0
20,5.0,1.0,361.0
17,6.0,1.0,362.0
19,7.0,2.0,363.0
17,4.0,2.0,364.0
18,5.0,1.0,365.0
20,1.0,1.0,90.0
17,2.0,1.0,91.0
18,3.0,0.0,92.0
18,5.0,1.0,93.0
17,5.0,1.0,94.0
18,5.0,1.0,95.0
19,6.0,2.0,96.0
19,7.0,2.0,97.0
15,2.0,2.0,98.0
18,3.0,2.0,99.0
19,4.0,2.0,100.0
18,5.0,1.0,101.0
16,3.0,0.0,102.0
17,3.0,1.0,103.0
19,3.0,2.0,104.0
19,1.0,2.0,105.0
13,0.0,1.0,106.0
16,2.0,1.0,107.0
15,1.0,0.0,108.0
20,2.0,0.0,109.0
20,2.0,0.0,110.0
20,2.0,0.0,111.0
20,2.0,1.0,112.0
18,3.0,1.0,113.0
14,1.0,1.0,114.0
12,3.0,1.0,115.0
11,2.0,1.0,116.0
12,1.0,1.0,117.0
14,3.0,1.0,118.0
17,7.0,1.0,119.0
20,9.0,1.0,120.0
19,5.0,1.0,121.0
16,2.0,1.0,122.0
18,4.0,2.0,123.0
11,1.0,2.0,124.0
14,1.0,2.0,125.0
14,1.0,3.0,126.0
16,2.0,2.0,127.0
19,2.0,2.0,128.0
19,2.0,2.0,129.0
18,4.0,2.0,130.0
20,3.0,2.0,131.0
18,2.0,3.0,132.0
18,1.0,3.0,133.0
14,0.0,3.0,134.0
15,0.0,4.0,135.0
20,1.0,4.0,136.0
12,0.0,3.0,137.0
16,1.0,2.0,138.0
15,1.0,2.0,139.0
19,3.0,1.0,140.0
13,2.0,1.0,141.0
19,3.0,1.0,142.0
17,2.0,1.0,143.0
20,1.0,1.0,144.0
13,1.0,0.0,145.0
14,1.0,0.0,146.0
14,1.0,0.0,147.0
18,2.0,1.0,148.0
18,3.0,1.0,149.0
20,3.0,1.0,150.0
19,3.0,1.0,151.0
18,4.0,1.0,152.0
20,4.0,2.0,153.0
19,3.0,2.0,154.0
20,4.0,2.0,155.0
20,3.0,1.0,156.0
19,3.0,0.0,157.0
14,2.0,1.0,158.0
20,3.0,2.0,159.0
17,3.0,1.0,160.0
16,4.0,1.0,161.0
17,3.0,0.0,162.0
20,5.0,0.0,163.0
20,5.0,0.0,164.0
17,4.0,0.0,165.0
18,4.0,0.0,166.0
20,3.0,0.0,167.0
17,3.0,0.0,168.0
17,3.0,1.0,169.0
18,5.0,1.0,170.0
17,4.0,1.0,171.0
17,4.0,1.0,172.0
18,3.0,2.0,173.0
18,4.0,2.0,174.0
12,2.0,2.0,175.0
20,5.0,2.0,176.0
17,5.0,2.0,177.0
17,3.0,1.0,178.0
14,2.0,1.0,179.0
19,4.0,2.0,180.0
17,6.0,2.0,181.0
20,8.0,2.0,182.0
16,6.0,3.0,183.0
20,6.0,3.0,184.0
16,5.0,3.0,185.0
20,5.0,3.0,186.0
20,6.0,3.0,187.0
20,6.0,3.0,188.0
18,4.0,3.0,189.0
20,5.0,2.0,190.0
18,2.0,2.0,191.0
18,3.0,3.0,192.0
20,4.0,4.0,193.0
16,6.0,4.0,194.0
19,8.0,4.0,195.0
20,9.0,3.0,196.0
19,6.0,3.0,197.0
18,6.0,3.0,198.0
17,4.0,3.0,199.0
20,3.0,6.0,200.0
19,2.0,6.0,201.0
20,2.0,6.0,202.0
16,2.0,6.0,203.0
20,1.0,6.0,204.0
20,1.0,7.0,205.0
19,1.0,7.0,206.0
20,1.0,7.0,207.0
20,1.0,7.0,208.0
19,1.0,6.0,209.0
16,1.0,5.0,210.0
17,4.0,4.0,211.0
19,5.0,4.0,212.0
18,4.0,4.0,213.0
18,3.0,4.0,214.0
18,3.0,3.0,215.0
18,1.0,3.0,216.0
19,1.0,3.0,217.0
17,2.0,2.0,218.0
18,2.0,2.0,219.0
15,1.0,3.0,220.0
19,2.0,3.0,221.0
20,2.0,3.0,222.0
19,2.0,3.0,223.0
19,3.0,3.0,224.0
19,1.0,4.0,225.0
19,1.0,4.0,226.0
15,2.0,4.0,227.0
16,3.0,3.0,228.0
12,2.0,2.0,229.0
12,2.0,2.0,230.0
12,2.0,2.0,231.0
18,2.0,1.0,232.0
14,2.0,1.0,233.0
17,4.0,1.0,234.0
20,4.0,1.0,235.0
20,3.0,2.0,236.0
19,3.0,3.0,237.0
20,3.0,3.0,238.0
16,2.0,3.0,239.0
19,2.0,3.0,240.0
20,3.0,3.0,241.0
17,1.0,2.0,242.0
19,3.0,2.0,243.0
16,2.0,2.0,244.0
20,3.0,2.0,245.0
18,2.0,1.0,246.0
20,2.0,2.0,247.0
19,3.0,2.0,248.0
19,4.0,3.0,249.0
18,4.0,4.0,250.0
18,4.0,2.0,251.0
20,3.0,2.0,252.0
19,2.0,1.0,253.0
18,2.0,2.0,254.0
19,2.0,2.0,255.0
16,4.0,1.0,256.0
15,3.0,0.0,257.0
19,3.0,0.0,258.0
20,3.0,1.0,259.0
19,3.0,1.0,260.0
18,2.0,1.0,261.0
19,3.0,1.0,262.0
16,2.0,2.0,263.0
20,2.0,3.0,264.0
20,2.0,3.0,265.0
19,2.0,2.0,266.0
18,3.0,3.0,267.0
19,1.0,3.0,268.0
20,3.0,3.0,269.0
20,4.0,2.0,270.0
18,3.0,2.0,271.0
12,1.0,1.0,272.0
17,1.0,1.0,273.0
20,1.0,3.0,274.0
19,2.0,3.0,275.0
18,2.0,4.0,276.0
19,2.0,4.0,277.0
19,2.0,3.0,278.0
18,3.0,2.0,279.0
16,1.0,3.0,280.0
17,3.0,3.0,281.0
20,3.0,3.0,282.0
17,3.0,2.0,283.0
15,3.0,1.0,284.0
13,3.0,1.0,285.0
14,2.0,0.0,286.0
17,4.0,0.0,287.0
15,5.0,0.0,288.0
17,5.0,1.0,289.0
19,8.0,1.0,290.0
17,3.0,3.0,291.0
16,3.0,2.0,292.0
19,4.0,2.0,293.0
19,4.0,2.0,294.0
17,4.0,2.0,295.0
15,3.0,1.0,296.0
17,3.0,1.0,297.0
18,3.0,1.0,298.0
15,2.0,0.0,299.0
18,3.0,0.0,300.0
15,3.0,0.0,301.0
14,2.0,0.0,302.0
11,2.0,0.0,303.0
12,1.0,0.0,304.0
17,2.0,0.0,305.0
17,2.0,0.0,306.0
16,2.0,0.0,307.0
19,3.0,0.0,308.0
14,2.0,0.0,309.0
16,2.0,0.0,310.0
15,1.0,0.0,311.0
18,2.0,0.0,312.0
19,2.0,0.0,313.0
17,4.0,0.0,314.0
17,6.0,0.0,315.0
19,9.0,0.0,316.0
18,7.0,0.0,317.0
20,7.0,1.0,318.0
17,4.0,1.0,319.0
20,4.0,0.0,320.0
17,4.0,0.0,321.0
13,2.0,0.0,322.0
16,3.0,0.0,323.0
17,4.0,1.0,324.0
17,2.0,1.0,325.0
20,2.0,2.0,326.0
20,2.0,3.0,327.0
17,1.0,2.0,328.0
18,3.0,2.0,329.0
17,3.0,2.0,330.0
18,4.0,1.0,331.0
19,4.0,3.0,332.0
18,4.0,3.0,333.0
19,4.0,3.0,334.0
20,3.0,3.0,335.0
14,1.0,3.0,336.0
13,3.0,3.0,337.0
19,2.0,2.0,338.0
19,2.0,2.0,339.0
20,4.0,3.0,340.0
20,4.0,4.0,341.0
19,3.0,4.0,342.0
16,2.0,4.0,343.0
20,2.0,4.0,344.0
18,3.0,2.0,345.0
20,3.0,2.0,346.0
19,3.0,5.0,347.0
19,3.0,3.0,348.0
19,4.0,2.0,349.0
20,4.0,2.0,350.0
19,4.0,1.0,351.0
16,3.0,1.0,352.0
16,2.0,1.0,353.0
18,3.0,1.0,354.0
17,3.0,1.0,355.0
19,2.0,1.0,356.0
16,2.0,1.0,357.0
20,3.0,0.0,358.0
18,4.0,0.0,359.0
20,2.0,0.0,360.0
18,3.0,1.0,361.0
20,2.0,1.0,362.0
18,2.0,1.0,363.0
20,7.0,1.0,364.0
19,7.0,1.0,365.0
20,3.0,0.0,90.0
20,3.0,0.0,91.0
19,3.0,0.0,92.0
20,4.0,1.0,93.0
20,4.0,0.0,94.0
20,3.0,0.0,95.0
20,3.0,0.0,96.0
20,4.0,0.0,97.0
20,5.0,0.0,98.0
20,5.0,0.0,99.0
19,4.0,0.0,100.0
18,3.0,0.0,101.0
20,6.0,0.0,102.0
16,4.0,0.0,103.0
15,5.0,1.0,104.0
18,4.0,1.0,105.0
19,5.0,1.0,106.0
17,3.0,1.0,107.0
18,4.0,0.0,108.0
17,4.0,0.0,109.0
20,5.0,0.0,110.0
19,4.0,0.0,111.0
17,5.0,0.0,112.0
20,4.0,0.0,113.0
18,4.0,0.0,114.0
20,4.0,0.0,115.0
19,4.0,0.0,116.0
19,2.0,0.0,117.0
17,1.0,0.0,118.0
18,3.0,0.0,119.0
17,3.0,0.0,120.0
18,2.0,0.0,121.0
15,2.0,1.0,122.0
14,0.0,1.0,123.0
20,1.0,0.0,124.0
17,2.0,0.0,125.0
17,2.0,1.0,126.0
20,4.0,0.0,127.0
14,1.0,0.0,128.0
17,3.0,0.0,129.0
13,3.0,0.0,130.0
20,5.0,0.0,131.0
18,5.0,0.0,132.0
20,5.0,0.0,133.0
19,6.0,0.0,134.0
16,4.0,0.0,135.0
17,3.0,0.0,136.0
17,3.0,0.0,137.0
19,4.0,0.0,138.0
18,5.0,0.0,139.0
18,4.0,0.0,140.0
17,2.0,0.0,141.0
20,3.0,0.0,142.0
15,1.0,0.0,143.0
17,2.0,0.0,144.0
19,2.0,0.0,145.0
17,2.0,0.0,146.0
17,2.0,0.0,147.0
18,4.0,0.0,148.0
17,4.0,0.0,149.0
20,4.0,0.0,150.0
19,5.0,0.0,151.0
18,5.0,0.0,152.0
20,4.0,0.0,153.0
16,3.0,0.0,154.0
20,4.0,0.0,155.0
19,3.0,0.0,156.0
15,3.0,0.0,157.0
15,3.0,0.0,158.0
18,5.0,0.0,159.0
14,3.0,0.0,160.0
13,4.0,0.0,161.0
12,3.0,0.0,162.0
15,2.0,0.0,163.0
14,2.0,1.0,164.0
17,3.0,1.0,165.0
18,3.0,1.0,166.0
17,3.0,1.0,167.0
17,3.0,1.0,168.0
13,3.0,1.0,169.0
12,4.0,0.0,170.0
15,4.0,0.0,171.0
15,3.0,0.0,172.0
16,2.0,0.0,173.0
19,4.0,0.0,174.0
20,5.0,0.0,175.0
19,6.0,0.0,176.0
20,7.0,0.0,177.0
17,6.0,0.0,178.0
16,4.0,0.0,179.0
14,3.0,0.0,180.0
17,5.0,1.0,181.0
16,4.0,1.0,182.0
18,3.0,1.0,183.0
19,2.0,1.0,184.0
16,2.0,1.0,185.0
14,2.0,1.0,186.0
20,4.0,1.0,187.0
19,1.0,1.0,188.0
17,1.0,1.0,189.0
20,3.0,1.0,190.0
19,1.0,0.0,191.0
17,1.0,0.0,192.0
15,2.0,0.0,193.0
18,2.0,0.0,194.0
19,2.0,0.0,195.0
20,2.0,0.0,196.0
18,2.0,0.0,197.0
18,2.0,0.0,198.0
18,3.0,0.0,199.0
17,3.0,1.0,200.0
13,4.0,1.0,201.0
17,6.0,1.0,202.0
20,5.0,0.0,203.0
19,3.0,0.0,204.0
16,3.0,0.0,205.0
17,5.0,0.0,206.0
19,6.0,0.0,207.0
17,4.0,0.0,208.0
19,7.0,0.0,209.0
17,5.0,0.0,210.0
20,4.0,0.0,211.0
20,4.0,0.0,212.0
18,4.0,0.0,213.0
20,5.0,0.0,214.0
20,6.0,0.0,215.0
19,5.0,0.0,216.0
18,4.0,0.0,217.0
20,6.0,0.0,218.0
20,6.0,0.0,219.0
20,4.0,0.0,220.0
20,1.0,0.0,221.0
17,2.0,0.0,222.0
19,3.0,0.0,223.0
19,5.0,0.0,224.0
17,3.0,0.0,225.0
19,3.0,0.0,226.0
16,2.0,0.0,227.0
19,2.0,0.0,228.0
19,3.0,0.0,229.0
20,4.0,0.0,230.0
20,4.0,0.0,231.0
20,4.0,0.0,232.0
19,5.0,0.0,233.0
20,4.0,0.0,234.0
20,3.0,0.0,235.0
18,4.0,0.0,236.0
17,4.0,0.0,237.0
18,5.0,0.0,238.0
12,6.0,0.0,239.0
14,4.0,0.0,240.0
20,8.0,0.0,241.0
17,6.0,0.0,242.0
19,7.0,0.0,243.0
14,5.0,0.0,244.0
20,6.0,0.0,245.0
18,5.0,0.0,246.0
18,5.0,0.0,247.0
19,5.0,0.0,248.0
17,6.0,0.0,249.0
16,4.0,0.0,250.0
20,4.0,0.0,251.0
19,3.0,0.0,252.0
19,3.0,0.0,253.0
13,5.0,0.0,254.0
15,6.0,0.0,255.0
16,7.0,0.0,256.0
19,4.0,0.0,257.0
18,4.0,0.0,258.0
18,3.0,0.0,259.0
13,2.0,0.0,260.0
16,4.0,0.0,261.0
17,3.0,0.0,262.0
20,4.0,0.0,263.0
14,3.0,0.0,264.0
14,4.0,0.0,265.0
15,5.0,0.0,266.0
18,3.0,0.0,267.0
19,2.0,0.0,268.0
19,3.0,0.0,269.0
20,4.0,0.0,270.0
18,4.0,0.0,271.0
20,4.0,0.0,272.0
19,5.0,0.0,273.0
19,5.0,0.0,274.0
20,5.0,0.0,275.0
19,5.0,0.0,276.0
18,5.0,0.0,277.0
19,5.0,0.0,278.0
20,4.0,0.0,279.0
15,4.0,0.0,280.0
20,4.0,0.0,281.0
16,5.0,0.0,282.0
15,4.0,0.0,283.0
17,2.0,0.0,284.0
17,1.0,0.0,285.0
15,1.0,0.0,286.0
18,0.0,0.0,287.0
19,2.0,0.0,288.0
20,2.0,0.0,289.0
19,3.0,0.0,290.0
19,2.0,0.0,291.0
17,2.0,0.0,292.0
17,2.0,0.0,293.0
17,4.0,0.0,294.0
20,5.0,0.0,295.0
16,3.0,0.0,296.0
18,2.0,0.0,297.0
18,4.0,0.0,298.0
16,2.0,0.0,299.0
17,3.0,0.0,300.0
19,2.0,0.0,301.0
17,2.0,0.0,302.0
17,3.0,0.0,303.0
17,3.0,0.0,304.0
13,5.0,0.0,305.0
14,5.0,0.0,306.0
20,5.0,0.0,307.0
18,5.0,0.0,308.0
16,4.0,0.0,309.0
11,5.0,0.0,310.0
16,6.0,0.0,311.0
18,7.0,0.0,312.0
15,5.0,0.0,313.0
16,6.0,0.0,314.0
19,8.0,0.0,315.0
14,7.0,0.0,316.0
17,7.0,0.0,317.0
18,6.0,0.0,318.0
20,6.0,0.0,319.0
19,6.0,0.0,320.0
19,7.0,0.0,321.0
20,8.0,0.0,322.0
20,7.0,0.0,323.0
17,7.0,0.0,324.0
20,7.0,0.0,325.0
19,5.0,0.0,326.0
19,4.0,0.0,327.0
20,5.0,0.0,328.0
18,5.0,0.0,329.0
20,6.0,0.0,330.0
20,6.0,0.0,331.0
20,5.0,0.0,332.0
19,4.0,0.0,333.0
19,4.0,0.0,334.0
18,4.0,0.0,335.0
19,4.0,0.0,336.0
20,3.0,0.0,337.0
20,3.0,0.0,338.0
17,2.0,0.0,339.0
20,4.0,0.0,340.0
20,2.0,0.0,341.0
20,1.0,0.0,342.0
20,2.0,0.0,343.0
20,1.0,0.0,344.0
16,1.0,0.0,345.0
19,3.0,0.0,346.0
18,4.0,0.0,347.0
17,3.0,0.0,348.0
18,3.0,0.0,349.0
18,2.0,0.0,350.0
19,3.0,0.0,351.0
19,3.0,0.0,352.0
16,1.0,0.0,353.0
16,2.0,0.0,354.0
15,3.0,0.0,355.0
18,3.0,0.0,356.0
20,3.0,0.0,357.0
19,3.0,0.0,358.0
14,5.0,0.0,359.0
18,5.0,0.0,360.0
15,3.0,0.0,361.0
17,3.0,0.0,362.0
19,3.0,0.0,363.0
20,4.0,0.0,364.0
20,4.0,0.0,365.0
20,5.0,0.0,90.0
17,4.0,0.0,91.0
15,2.0,0.0,92.0
19,4.0,0.0,93.0
18,5.0,0.0,94.0
19,5.0,0.0,95.0
19,5.0,0.0,96.0
20,4.0,0.0,97.0
19,5.0,0.0,98.0
18,3.0,0.0,99.0
16,3.0,0.0,100.0
18,2.0,0.0,101.0
20,1.0,0.0,102.0
13,0.0,0.0,103.0
14,1.0,0.0,104.0
15,1.0,0.0,105.0
16,4.0,0.0,106.0
17,5.0,0.0,107.0
13,1.0,0.0,108.0
17,1.0,0.0,109.0
14,0.0,0.0,110.0
19,1.0,0.0,111.0
16,1.0,0.0,112.0
18,1.0,0.0,113.0
19,2.0,0.0,114.0
19,2.0,0.0,115.0
20,1.0,0.0,116.0
16,2.0,0.0,117.0
19,2.0,0.0,118.0
19,3.0,0.0,119.0
19,4.0,0.0,120.0
20,3.0,0.0,121.0
20,3.0,0.0,122.0
16,4.0,0.0,123.0
14,3.0,0.0,124.0
18,5.0,0.0,125.0
15,4.0,0.0,126.0
19,6.0,0.0,127.0
19,5.0,0.0,128.0
16,2.0,0.0,129.0
19,3.0,0.0,130.0
16,3.0,0.0,131.0
19,4.0,0.0,132.0
20,4.0,0.0,133.0
17,4.0,0.0,134.0
18,4.0,0.0,135.0
16,3.0,0.0,136.0
18,4.0,0.0,137.0
20,4.0,0.0,138.0
16,3.0,0.0,139.0
18,4.0,0.0,140.0
20,4.0,0.0,141.0
20,4.0,0.0,142.0
18,4.0,0.0,143.0
16,4.0,0.0,144.0
16,4.0,0.0,145.0
18,4.0,0.0,146.0
18,3.0,0.0,147.0
20,4.0,0.0,148.0
17,2.0,0.0,149.0
20,2.0,0.0,150.0
19,2.0,0.0,151.0
19,3.0,0.0,152.0
19,3.0,0.0,153.0
20,3.0,0.0,154.0
19,2.0,0.0,155.0
18,2.0,0.0,156.0
20,4.0,0.0,157.0
16,3.0,0.0,158.0
15,2.0,0.0,159.0
20,5.0,0.0,160.0
19,2.0,0.0,161.0
19,2.0,0.0,162.0
15,3.0,0.0,163.0
18,4.0,0.0,164.0
20,6.0,0.0,165.0
17,4.0,0.0,166.0
18,4.0,0.0,167.0
19,6.0,0.0,168.0
19,4.0,0.0,169.0
19,3.0,0.0,170.0
19,6.0,0.0,171.0
20,6.0,0.0,172.0
17,5.0,0.0,173.0
20,8.0,0.0,174.0
20,9.0,0.0,175.0
19,10.0,0.0,176.0
16,7.0,0.0,177.0
19,6.0,0.0,178.0
15,5.0,0.0,179.0
17,4.0,0.0,180.0
20,4.0,0.0,181.0
16,5.0,0.0,182.0
16,6.0,0.0,183.0
20,5.0,0.0,184.0
20,7.0,0.0,185.0
19,5.0,0.0,186.0
20,4.0,0.0,187.0
20,5.0,0.0,188.0
13,4.0,0.0,189.0
13,4.0,0.0,190.0
15,6.0,0.0,191.0
16,4.0,0.0,192.0
16,5.0,0.0,193.0
16,5.0,0.0,194.0
20,4.0,0.0,195.0
20,4.0,0.0,196.0
19,6.0,0.0,197.0
17,4.0,0.0,198.0
19,5.0,0.0,199.0
19,2.0,0.0,200.0
20,2.0,0.0,201.0
16,2.0,0.0,202.0
14,2.0,0.0,203.0
13,2.0,0.0,204.0
17,4.0,0.0,205.0
20,4.0,0.0,206.0
15,4.0,0.0,207.0
14,5.0,0.0,208.0
20,9.0,0.0,209.0
18,7.0,0.0,210.0
20,5.0,0.0,211.0
19,4.0,0.0,212.0
17,4.0,0.0,213.0
17,4.0,0.0,214.0
17,4.0,0.0,215.0
18,4.0,0.0,216.0
20,4.0,0.0,217.0
18,3.0,0.0,218.0
16,3.0,0.0,219.0
18,4.0,0.0,220.0
19,4.0,0.0,221.0
17,4.0,0.0,222.0
19,3.0,0.0,223.0
19,3.0,0.0,224.0
17,3.0,0.0,225.0
19,2.0,0.0,226.0
19,1.0,0.0,227.0
19,2.0,0.0,228.0
20,2.0,0.0,229.0
18,3.0,0.0,230.0
14,2.0,0.0,231.0
19,3.0,0.0,232.0
19,3.0,0.0,233.0
18,4.0,0.0,234.0
18,4.0,0.0,235.0
19,5.0,0.0,236.0
19,5.0,0.0,237.0
20,3.0,0.0,238.0
16,2.0,0.0,239.0
18,3.0,0.0,240.0
18,4.0,0.0,241.0
20,4.0,0.0,242.0
18,4.0,0.0,243.0
20,7.0,0.0,244.0
20,3.0,0.0,245.0
18,2.0,0.0,246.0
16,0.0,0.0,247.0
16,0.0,0.0,248.0
19,1.0,0.0,249.0
18,2.0,0.0,250.0
17,0.0,0.0,251.0
20,2.0,0.0,252.0
20,2.0,0.0,253.0
19,1.0,0.0,254.0
18,2.0,0.0,255.0
20,2.0,0.0,256.0
16,0.0,0.0,257.0
17,2.0,0.0,258.0
18,5.0,0.0,259.0
20,5.0,0.0,260.0
20,5.0,0.0,261.0
20,6.0,0.0,262.0
15,4.0,0.0,263.0
18,4.0,0.0,264.0
19,3.0,0.0,265.0
18,2.0,0.0,266.0
20,0.0,0.0,267.0
18,3.0,0.0,268.0
17,2.0,0.0,269.0
17,1.0,0.0,270.0
19,2.0,0.0,271.0
20,4.0,0.0,272.0
20,2.0,0.0,273.0
18,1.0,0.0,274.0
17,1.0,0.0,275.0
17,0.0,0.0,276.0
19,2.0,0.0,277.0
18,3.0,0.0,278.0
17,4.0,0.0,279.0
18,5.0,0.0,280.0
18,4.0,0.0,281.0
17,4.0,0.0,282.0
13,2.0,0.0,283.0
16,2.0,0.0,284.0
16,2.0,0.0,285.0
20,3.0,0.0,286.0
18,2.0,0.0,287.0
14,1.0,0.0,288.0
18,2.0,0.0,289.0
19,4.0,0.0,290.0
20,6.0,0.0,291.0
19,5.0,0.0,292.0
19,3.0,0.0,293.0
20,2.0,0.0,294.0
19,3.0,0.0,295.0
16,2.0,0.0,296.0
20,2.0,0.0,297.0
20,3.0,0.0,298.0
19,3.0,0.0,299.0
20,3.0,0.0,300.0
17,3.0,0.0,301.0
18,1.0,0.0,302.0
18,1.0,0.0,303.0
20,1.0,0.0,304.0
20,1.0,0.0,305.0
18,1.0,0.0,306.0
20,2.0,0.0,307.0
16,3.0,0.0,308.0
18,2.0,0.0,309.0
18,1.0,0.0,310.0
18,1.0,0.0,311.0
16,1.0,0.0,312.0
15,2.0,0.0,313.0
18,4.0,0.0,314.0
17,5.0,0.0,315.0
20,7.0,0.0,316.0
19,6.0,0.0,317.0
18,4.0,0.0,318.0
19,2.0,0.0,319.0
20,2.0,0.0,320.0
20,3.0,0.0,321.0
20,4.0,0.0,322.0
18,4.0,0.0,323.0
20,6.0,0.0,324.0
20,6.0,0.0,325.0
20,7.0,0.0,326.0
20,7.0,0.0,327.0
20,5.0,0.0,328.0
18,4.0,0.0,329.0
19,6.0,0.0,330.0
19,6.0,0.0,331.0
20,6.0,0.0,332.0
20,6.0,0.0,333.0
20,7.0,0.0,334.0
20,7.0,0.0,335.0
17,5.0,0.0,336.0
18,4.0,0.0,337.0
16,5.0,0.0,338.0
16,6.0,0.0,339.0
20,7.0,0.0,340.0
18,5.0,0.0,341.0
20,6.0,0.0,342.0
20,6.0,0.0,343.0
18,5.0,0.0,344.0
18,5.0,0.0,345.0
20,7.0,0.0,346.0
19,6.0,0.0,347.0
18,3.0,0.0,348.0
18,3.0,0.0,349.0
19,3.0,0.0,350.0
20,3.0,0.0,351.0
20,3.0,0.0,352.0
19,2.0,0.0,353.0
20,5.0,0.0,354.0
18,5.0,0.0,355.0
17,5.0,0.0,356.0
17,5.0,0.0,357.0
12,6.0,0.0,358.0
12,5.0,0.0,359.0
14,5.0,0.0,360.0
16,1.0,0.0,361.0
15,1.0,0.0,362.0
15,2.0,0.0,363.0
19,3.0,0.0,364.0
15,3.0,0.0,365.0
20,4.0,0.0,90.0
20,3.0,0.0,91.0
19,3.0,0.0,92.0
16,3.0,0.0,93.0
16,2.0,0.0,94.0
17,0.0,0.0,95.0
15,2.0,0.0,96.0
16,5.0,0.0,97.0
13,4.0,0.0,98.0
16,5.0,0.0,99.0
18,6.0,0.0,100.0
19,6.0,0.0,101.0
15,3.0,0.0,102.0
16,5.0,0.0,103.0
15,4.0,0.0,104.0
20,4.0,0.0,105.0
17,3.0,0.0,106.0
18,7.0,0.0,107.0
18,6.0,0.0,108.0
15,4.0,0.0,109.0
16,3.0,0.0,110.0
16,3.0,0.0,111.0
17,2.0,0.0,112.0
19,1.0,0.0,113.0
18,4.0,0.0,114.0
18,5.0,1.0,115.0
14,4.0,1.0,116.0
14,1.0,1.0,117.0
13,1.0,1.0,118.0
18,2.0,1.0,119.0
18,5.0,1.0,120.0
17,5.0,1.0,121.0
17,4.0,2.0,122.0
18,4.0,2.0,123.0
18,2.0,2.0,124.0
15,5.0,2.0,125.0
11,1.0,2.0,126.0
14,0.0,1.0,127.0
15,0.0,1.0,128.0
18,0.0,1.0,129.0
16,3.0,1.0,130.0
19,5.0,2.0,131.0
19,4.0,2.0,132.0
20,4.0,2.0,133.0
16,1.0,2.0,134.0
18,1.0,2.0,135.0
19,0.0,3.0,136.0
20,0.0,2.0,137.0
20,1.0,2.0,138.0
16,2.0,2.0,139.0
20,3.0,3.0,140.0
19,4.0,2.0,141.0
18,4.0,3.0,142.0
18,3.0,3.0,143.0
19,2.0,3.0,144.0
17,3.0,4.0,145.0
19,3.0,3.0,146.0
20,4.0,2.0,147.0
20,4.0,2.0,148.0
20,4.0,2.0,149.0
20,4.0,2.0,150.0
20,4.0,2.0,151.0
17,2.0,3.0,152.0
19,2.0,3.0,153.0
20,5.0,2.0,154.0
19,6.0,2.0,155.0
20,7.0,4.0,156.0
15,3.0,4.0,157.0
18,4.0,3.0,158.0
15,5.0,4.0,159.0
12,4.0,4.0,160.0
12,3.0,5.0,161.0
18,8.0,4.0,162.0
20,8.0,3.0,163.0
20,7.0,3.0,164.0
18,6.0,2.0,165.0
20,5.0,3.0,166.0
18,4.0,4.0,167.0
16,6.0,4.0,168.0
18,5.0,4.0,169.0
20,6.0,3.0,170.0
14,3.0,2.0,171.0
17,4.0,2.0,172.0
17,5.0,2.0,173.0
19,4.0,2.0,174.0
20,5.0,2.0,175.0
20,5.0,3.0,176.0
19,4.0,3.0,177.0
18,4.0,3.0,178.0
19,4.0,3.0,179.0
14,2.0,3.0,180.0
16,3.0,3.0,181.0
19,3.0,3.0,182.0
18,3.0,3.0,183.0
19,5.0,3.0,184.0
16,4.0,3.0,185.0
18,5.0,2.0,186.0
20,4.0,2.0,187.0
16,4.0,1.0,188.0
16,3.0,1.0,189.0
18,4.0,2.0,190.0
20,3.0,2.0,191.0
20,3.0,2.0,192.0
20,3.0,3.0,193.0
17,3.0,3.0,194.0
20,4.0,2.0,195.0
19,6.0,3.0,196.0
20,6.0,3.0,197.0
16,6.0,2.0,198.0
17,4.0,2.0,199.0
20,5.0,2.0,200.0
19,5.0,3.0,201.0
19,4.0,3.0,202.0
16,4.0,3.0,203.0
14,3.0,2.0,204.0
16,5.0,2.0,205.0
15,6.0,3.0,206.0
20,6.0,3.0,207.0
18,5.0,3.0,208.0
20,5.0,3.0,209.0
14,3.0,4.0,210.0
19,3.0,4.0,211.0
19,2.0,3.0,212.0
18,2.0,3.0,213.0
18,3.0,1.0,214.0
19,5.0,2.0,215.0
19,5.0,2.0,216.0
18,3.0,2.0,217.0
17,3.0,1.0,218.0
13,2.0,1.0,219.0
20,5.0,2.0,220.0
19,3.0,2.0,221.0
20,3.0,2.0,222.0
18,1.0,2.0,223.0
19,1.0,3.0,224.0
20,1.0,2.0,225.0
19,1.0,2.0,226.0
11,1.0,1.0,227.0
15,3.0,1.0,228.0
16,5.0,1.0,229.0
16,3.0,1.0,230.0
17,2.0,1.0,231.0
18,2.0,0.0,232.0
14,2.0,0.0,233.0
14,2.0,1.0,234.0
19,3.0,1.0,235.0
19,3.0,1.0,236.0
18,1.0,1.0,237.0
16,1.0,3.0,238.0
18,2.0,3.0,239.0
20,3.0,4.0,240.0
20,4.0,3.0,241.0
18,5.0,2.0,242.0
20,4.0,3.0,243.0
20,2.0,3.0,244.0
20,3.0,3.0,245.0
16,3.0,3.0,246.0
15,4.0,3.0,247.0
13,4.0,2.0,248.0
18,4.0,2.0,249.0
20,5.0,2.0,250.0
19,3.0,3.0,251.0
17,5.0,1.0,252.0
14,4.0,1.0,253.0
19,4.0,0.0,254.0
19,4.0,0.0,255.0
20,3.0,1.0,256.0
20,4.0,1.0,257.0
20,4.0,1.0,258.0
18,3.0,1.0,259.0
19,3.0,1.0,260.0
16,1.0,0.0,261.0
18,2.0,0.0,262.0
20,4.0,0.0,263.0
18,5.0,1.0,264.0
19,7.0,2.0,265.0
20,4.0,2.0,266.0
19,2.0,3.0,267.0
14,2.0,3.0,268.0
15,3.0,2.0,269.0
17,3.0,2.0,270.0
20,4.0,2.0,271.0
20,4.0,2.0,272.0
20,3.0,2.0,273.0
17,2.0,2.0,274.0
19,1.0,2.0,275.0
19,2.0,1.0,276.0
17,1.0,1.0,277.0
18,1.0,0.0,278.0
19,0.0,0.0,279.0
20,2.0,0.0,280.0
19,1.0,0.0,281.0
20,3.0,0.0,282.0
19,3.0,0.0,283.0
16,2.0,0.0,284.0
14,2.0,0.0,285.0
16,3.0,0.0,286.0
10,1.0,0.0,287.0
14,2.0,0.0,288.0
15,4.0,0.0,289.0
19,4.0,0.0,290.0
16,3.0,0.0,291.0
16,3.0,0.0,292.0
19,3.0,0.0,293.0
16,3.0,0.0,294.0
19,3.0,0.0,295.0
20,3.0,1.0,296.0
19,4.0,1.0,297.0
16,3.0,2.0,298.0
18,1.0,2.0,299.0
16,1.0,2.0,300.0
15,1.0,1.0,301.0
17,2.0,2.0,302.0
15,1.0,2.0,303.0
15,1.0,2.0,304.0
20,2.0,1.0,305.0
18,3.0,1.0,306.0
18,2.0,2.0,307.0
19,4.0,2.0,308.0
19,3.0,2.0,309.0
19,3.0,3.0,310.0
20,3.0,2.0,311.0
17,2.0,2.0,312.0
16,2.0,1.0,313.0
9,1.0,1.0,314.0
17,5.0,0.0,315.0
17,3.0,0.0,316.0
14,2.0,0.0,317.0
15,4.0,0.0,318.0
13,4.0,0.0,319.0
15,1.0,0.0,320.0
14,1.0,0.0,321.0
18,3.0,0.0,322.0
20,5.0,0.0,323.0
17,3.0,0.0,324.0
19,1.0,0.0,325.0
14,2.0,0.0,326.0
12,0.0,0.0,327.0
18,3.0,1.0,328.0
15,0.0,1.0,329.0
12,0.0,1.0,330.0
20,2.0,1.0,331.0
12,1.0,1.0,332.0
14,5.0,1.0,333.0
18,4.0,1.0,334.0
17,2.0,1.0,335.0
17,4.0,1.0,336.0
16,5.0,0.0,337.0
15,3.0,0.0,338.0
13,1.0,0.0,339.0
14,2.0,0.0,340.0
16,3.0,0.0,341.0
20,4.0,0.0,342.0
19,3.0,0.0,343.0
15,2.0,0.0,344.0
20,3.0,1.0,345.0
18,4.0,1.0,346.0
20,6.0,1.0,347.0
16,6.0,1.0,348.0
17,7.0,1.0,349.0
15,3.0,0.0,350.0
15,2.0,1.0,351.0
19,3.0,1.0,352.0
19,3.0,1.0,353.0
18,3.0,1.0,354.0
15,4.0,1.0,355.0
18,6.0,1.0,356.0
20,6.0,1.0,357.0
20,8.0,1.0,358.0
18,7.0,1.0,359.0
20,8.0,1.0,360.0
20,9.0,1.0,361.0
18,8.0,1.0,362.0
17,6.0,1.0,363.0
13,6.0,1.0,364.0
11,5.0,1.0,365.0
18,4.0,4.0,90.0
20,3.0,5.0,91.0
18,3.0,5.0,92.0
19,4.0,4.0,93.0
17,4.0,3.0,94.0
17,3.0,3.0,95.0
18,5.0,3.0,96.0
16,4.0,4.0,97.0
19,6.0,4.0,98.0
20,5.0,3.0,99.0
16,3.0,3.0,100.0
18,3.0,3.0,101.0
18,2.0,4.0,102.0
19,2.0,4.0,103.0
17,3.0,3.0,104.0
20,3.0,4.0,105.0
19,1.0,5.0,106.0
18,1.0,6.0,107.0
18,4.0,6.0,108.0
15,2.0,6.0,109.0
16,3.0,5.0,110.0
20,5.0,6.0,111.0
16,4.0,6.0,112.0
15,2.0,6.0,113.0
17,4.0,8.0,114.0
19,3.0,6.0,115.0
15,1.0,3.0,116.0
10,1.0,2.0,117.0
16,1.0,3.0,118.0
15,2.0,3.0,119.0
19,5.0,4.0,120.0
20,6.0,5.0,121.0
18,5.0,6.0,122.0
20,6.0,7.0,123.0
18,4.0,7.0,124.0
18,3.0,7.0,125.0
18,5.0,3.0,126.0
17,4.0,2.0,127.0
20,5.0,2.0,128.0
20,3.0,1.0,129.0
16,3.0,1.0,130.0
15,2.0,1.0,131.0
17,3.0,1.0,132.0
19,3.0,1.0,133.0
20,6.0,1.0,134.0
17,3.0,1.0,135.0
20,4.0,1.0,136.0
20,5.0,1.0,137.0
20,5.0,1.0,138.0
20,5.0,1.0,139.0
16,5.0,1.0,140.0
19,8.0,2.0,141.0
18,7.0,1.0,142.0
18,7.0,1.0,143.0
17,4.0,3.0,144.0
14,4.0,3.0,145.0
15,5.0,3.0,146.0
20,5.0,3.0,147.0
17,5.0,2.0,148.0
16,4.0,1.0,149.0
17,3.0,1.0,150.0
17,4.0,1.0,151.0
20,4.0,0.0,152.0
20,4.0,1.0,153.0
18,4.0,1.0,154.0
20,7.0,1.0,155.0
19,3.0,1.0,156.0
20,3.0,1.0,157.0
20,3.0,1.0,158.0
19,5.0,1.0,159.0
14,2.0,1.0,160.0
19,8.0,0.0,161.0
14,4.0,0.0,162.0
19,4.0,1.0,163.0
17,4.0,2.0,164.0
20,3.0,2.0,165.0
18,3.0,1.0,166.0
20,2.0,0.0,167.0
18,3.0,0.0,168.0
20,4.0,0.0,169.0
18,0.0,1.0,170.0
18,0.0,1.0,171.0
13,0.0,1.0,172.0
15,0.0,0.0,173.0
19,1.0,0.0,174.0
18,1.0,0.0,175.0
20,1.0,1.0,176.0
19,1.0,1.0,177.0
18,1.0,2.0,178.0
18,1.0,2.0,179.0
17,2.0,2.0,180.0
19,3.0,1.0,181.0
18,3.0,1.0,182.0
18,2.0,1.0,183.0
19,2.0,1.0,184.0
20,5.0,0.0,185.0
19,5.0,1.0,186.0
19,7.0,2.0,187.0
18,2.0,2.0,188.0
20,4.0,2.0,189.0
16,2.0,2.0,190.0
20,2.0,2.0,191.0
17,0.0,2.0,192.0
19,0.0,2.0,193.0
15,1.0,1.0,194.0
17,2.0,1.0,195.0
19,2.0,1.0,196.0
19,4.0,1.0,197.0
20,4.0,2.0,198.0
17,5.0,1.0,199.0
13,5.0,2.0,200.0
16,5.0,2.0,201.0
14,3.0,2.0,202.0
11,2.0,3.0,203.0
15,2.0,4.0,204.0
18,4.0,4.0,205.0
18,5.0,5.0,206.0
20,3.0,6.0,207.0
20,4.0,7.0,208.0
18,3.0,5.0,209.0
19,2.0,3.0,210.0
18,3.0,2.0,211.0
19,2.0,4.0,212.0
15,2.0,5.0,213.0
17,2.0,4.0,214.0
17,3.0,4.0,215.0
20,4.0,3.0,216.0
19,2.0,4.0,217.0
19,3.0,3.0,218.0
16,5.0,2.0,219.0
19,4.0,2.0,220.0
20,5.0,3.0,221.0
20,5.0,3.0,222.0
18,4.0,3.0,223.0
19,3.0,2.0,224.0
18,3.0,2.0,225.0
20,3.0,1.0,226.0
16,3.0,1.0,227.0
13,4.0,2.0,228.0
18,5.0,2.0,229.0
15,5.0,2.0,230.0
19,7.0,3.0,231.0
18,7.0,3.0,232.0
19,7.0,3.0,233.0
20,8.0,3.0,234.0
14,5.0,2.0,235.0
14,5.0,2.0,236.0
13,4.0,2.0,237.0
16,5.0,2.0,238.0
20,5.0,2.0,239.0
16,2.0,1.0,240.0
15,2.0,3.0,241.0
16,2.0,3.0,242.0
16,2.0,4.0,243.0
19,3.0,4.0,244.0
16,3.0,4.0,245.0
15,2.0,4.0,246.0
20,4.0,3.0,247.0
19,5.0,4.0,248.0
19,4.0,4.0,249.0
18,5.0,2.0,250.0
14,4.0,1.0,251.0
18,3.0,1.0,252.0
20,3.0,1.0,253.0
20,2.0,1.0,254.0
20,2.0,1.0,255.0
20,3.0,1.0,256.0
20,6.0,1.0,257.0
20,6.0,2.0,258.0
20,5.0,2.0,259.0
20,5.0,4.0,260.0
18,3.0,5.0,261.0
20,3.0,5.0,262.0
17,2.0,5.0,263.0
20,2.0,3.0,264.0
19,4.0,3.0,265.0
20,4.0,4.0,266.0
18,6.0,2.0,267.0
20,6.0,2.0,268.0
19,6.0,3.0,269.0
17,9.0,5.0,270.0
20,9.0,5.0,271.0
20,8.0,3.0,272.0
15,6.0,3.0,273.0
15,4.0,2.0,274.0
20,4.0,2.0,275.0
19,3.0,1.0,276.0
18,4.0,1.0,277.0
18,3.0,1.0,278.0
20,4.0,1.0,279.0
20,4.0,1.0,280.0
20,4.0,2.0,281.0
19,4.0,2.0,282.0
18,4.0,2.0,283.0
20,4.0,2.0,284.0
19,2.0,2.0,285.0
18,2.0,2.0,286.0
18,2.0,3.0,287.0
16,2.0,2.0,288.0
17,2.0,1.0,289.0
18,2.0,2.0,290.0
19,1.0,2.0,291.0
14,2.0,2.0,292.0
17,3.0,2.0,293.0
20,3.0,3.0,294.0
20,4.0,4.0,295.0
18,4.0,5.0,296.0
17,3.0,4.0,297.0
20,3.0,4.0,298.0
18,2.0,5.0,299.0
20,3.0,3.0,300.0
15,2.0,5.0,301.0
20,4.0,4.0,302.0
20,4.0,4.0,303.0
20,4.0,4.0,304.0
18,4.0,4.0,305.0
20,4.0,4.0,306.0
17,4.0,3.0,307.0
16,3.0,3.0,308.0
18,4.0,3.0,309.0
19,4.0,2.0,310.0
19,6.0,2.0,311.0
17,5.0,2.0,312.0
18,9.0,2.0,313.0
20,10.0,2.0,314.0
20,11.0,2.0,315.0
19,9.0,3.0,316.0
18,7.0,4.0,317.0
20,8.0,5.0,318.0
20,6.0,5.0,319.0
19,5.0,4.0,320.0
20,4.0,3.0,321.0
20,3.0,3.0,322.0
19,3.0,3.0,323.0
18,3.0,4.0,324.0
20,5.0,3.0,325.0
19,5.0,4.0,326.0
19,5.0,4.0,327.0
19,4.0,5.0,328.0
20,5.0,5.0,329.0
18,4.0,5.0,330.0
20,4.0,6.0,331.0
20,6.0,5.0,332.0
20,4.0,6.0,333.0
19,3.0,7.0,334.0
17,2.0,5.0,335.0
20,3.0,5.0,336.0
18,3.0,5.0,337.0
17,3.0,5.0,338.0
20,3.0,3.0,339.0
17,2.0,2.0,340.0
20,3.0,1.0,341.0
17,2.0,2.0,342.0
19,4.0,3.0,343.0
16,5.0,2.0,344.0
19,6.0,2.0,345.0
18,8.0,3.0,346.0
17,6.0,3.0,347.0
18,6.0,5.0,348.0
19,7.0,5.0,349.0
17,5.0,5.0,350.0
19,4.0,4.0,351.0
20,2.0,2.0,352.0
20,2.0,3.0,353.0
19,3.0,2.0,354.0
20,2.0,3.0,355.0
14,3.0,3.0,356.0
17,3.0,3.0,357.0
17,4.0,3.0,358.0
18,4.0,5.0,359.0
19,3.0,5.0,360.0
18,2.0,3.0,361.0
16,1.0,1.0,362.0
20,1.0,1.0,363.0
18,2.0,2.0,364.0
18,2.0,2.0,365.0
19,5.0,1.0,90.0
19,5.0,2.0,91.0
17,3.0,1.0,92.0
17,4.0,2.0,93.0
14,5.0,2.0,94.0
12,5.0,2.0,95.0
15,4.0,1.0,96.0
17,4.0,2.0,97.0
20,5.0,2.0,98.0
18,5.0,2.0,99.0
20,5.0,2.0,100.0
20,4.0,2.0,101.0
17,2.0,2.0,102.0
19,3.0,2.0,103.0
13,3.0,2.0,104.0
14,2.0,1.0,105.0
18,2.0,1.0,106.0
20,5.0,0.0,107.0
18,4.0,0.0,108.0
20,5.0,0.0,109.0
16,4.0,1.0,110.0
16,4.0,1.0,111.0
17,3.0,1.0,112.0
16,4.0,0.0,113.0
17,3.0,0.0,114.0
18,1.0,0.0,115.0
20,1.0,1.0,116.0
20,3.0,1.0,117.0
20,3.0,1.0,118.0
16,2.0,2.0,119.0
17,2.0,2.0,120.0
18,3.0,2.0,121.0
17,1.0,1.0,122.0
18,0.0,1.0,123.0
19,1.0,1.0,124.0
18,1.0,1.0,125.0
14,1.0,1.0,126.0
13,0.0,1.0,127.0
12,1.0,1.0,128.0
17,3.0,1.0,129.0
13,3.0,0.0,130.0
18,4.0,0.0,131.0
20,4.0,1.0,132.0
19,4.0,1.0,133.0
20,5.0,1.0,134.0
19,5.0,1.0,135.0
20,6.0,1.0,136.0
16,3.0,0.0,137.0
15,2.0,0.0,138.0
18,3.0,0.0,139.0
17,3.0,1.0,140.0
17,1.0,1.0,141.0
18,3.0,1.0,142.0
20,3.0,0.0,143.0
19,2.0,0.0,144.0
17,2.0,0.0,145.0
18,1.0,0.0,146.0
18,1.0,0.0,147.0
19,2.0,0.0,148.0
18,2.0,0.0,149.0
14,3.0,1.0,150.0
12,4.0,2.0,151.0
17,2.0,2.0,152.0
17,1.0,2.0,153.0
19,4.0,3.0,154.0
19,4.0,3.0,155.0
19,4.0,4.0,156.0
14,1.0,4.0,157.0
16,2.0,2.0,158.0
16,3.0,1.0,159.0
19,3.0,2.0,160.0
18,3.0,3.0,161.0
17,3.0,4.0,162.0
20,5.0,5.0,163.0
16,3.0,4.0,164.0
20,3.0,5.0,165.0
18,2.0,5.0,166.0
18,1.0,5.0,167.0
18,3.0,4.0,168.0
20,3.0,5.0,169.0
16,3.0,6.0,170.0
20,3.0,5.0,171.0
18,4.0,5.0,172.0
20,5.0,4.0,173.0
19,5.0,4.0,174.0
19,5.0,4.0,175.0
19,3.0,4.0,176.0
17,3.0,3.0,177.0
17,5.0,3.0,178.0
20,6.0,4.0,179.0
15,4.0,4.0,180.0
11,4.0,4.0,181.0
12,5.0,3.0,182.0
20,5.0,3.0,183.0
13,3.0,3.0,184.0
11,2.0,4.0,185.0
14,4.0,3.0,186.0
15,4.0,2.0,187.0
15,5.0,2.0,188.0
20,5.0,2.0,189.0
16,5.0,2.0,190.0
16,4.0,1.0,191.0
11,2.0,0.0,192.0
10,1.0,1.0,193.0
12,1.0,0.0,194.0
17,3.0,0.0,195.0
19,2.0,0.0,196.0
19,1.0,2.0,197.0
18,0.0,2.0,198.0
16,0.0,2.0,199.0
15,1.0,3.0,200.0
18,3.0,1.0,201.0
19,4.0,2.0,202.0
18,3.0,2.0,203.0
14,2.0,2.0,204.0
13,1.0,1.0,205.0
18,3.0,1.0,206.0
18,3.0,0.0,207.0
18,3.0,0.0,208.0
18,5.0,0.0,209.0
20,5.0,0.0,210.0
20,5.0,1.0,211.0
18,5.0,1.0,212.0
17,1.0,1.0,213.0
13,1.0,0.0,214.0
13,1.0,1.0,215.0
15,2.0,1.0,216.0
20,2.0,1.0,217.0
17,1.0,0.0,218.0
20,2.0,0.0,219.0
20,1.0,0.0,220.0
18,1.0,0.0,221.0
20,2.0,0.0,222.0
20,2.0,0.0,223.0
18,3.0,0.0,224.0
18,4.0,0.0,225.0
18,4.0,1.0,226.0
14,2.0,2.0,227.0
18,3.0,3.0,228.0
17,4.0,2.0,229.0
18,5.0,2.0,230.0
15,6.0,2.0,231.0
14,7.0,1.0,232.0
16,6.0,1.0,233.0
18,6.0,1.0,234.0
18,7.0,0.0,235.0
12,5.0,0.0,236.0
13,5.0,0.0,237.0
17,4.0,0.0,238.0
19,5.0,1.0,239.0
20,5.0,1.0,240.0
16,3.0,1.0,241.0
11,3.0,0.0,242.0
18,2.0,0.0,243.0
20,1.0,0.0,244.0
19,1.0,0.0,245.0
14,2.0,0.0,246.0
17,2.0,1.0,247.0
19,5.0,0.0,248.0
18,5.0,0.0,249.0
19,4.0,0.0,250.0
16,3.0,0.0,251.0
20,3.0,0.0,252.0
20,3.0,0.0,253.0
20,4.0,0.0,254.0
20,3.0,0.0,255.0
19,2.0,0.0,256.0
17,2.0,0.0,257.0
18,4.0,0.0,258.0
20,3.0,0.0,259.0
20,6.0,0.0,260.0
17,3.0,0.0,261.0
20,2.0,0.0,262.0
18,2.0,0.0,263.0
20,2.0,0.0,264.0
19,3.0,0.0,265.0
20,3.0,0.0,266.0
20,3.0,0.0,267.0
20,4.0,0.0,268.0
19,5.0,0.0,269.0
19,5.0,0.0,270.0
19,4.0,0.0,271.0
19,3.0,0.0,272.0
17,2.0,0.0,273.0
18,3.0,0.0,274.0
17,4.0,0.0,275.0
17,4.0,0.0,276.0
14,3.0,0.0,277.0
10,1.0,0.0,278.0
15,4.0,0.0,279.0
13,4.0,0.0,280.0
19,6.0,1.0,281.0
20,6.0,1.0,282.0
13,3.0,2.0,283.0
19,3.0,4.0,284.0
20,0.0,4.0,285.0
20,0.0,4.0,286.0
15,2.0,3.0,287.0
17,2.0,4.0,288.0
19,3.0,3.0,289.0
20,5.0,4.0,290.0
18,4.0,4.0,291.0
18,5.0,3.0,292.0
17,2.0,3.0,293.0
17,3.0,4.0,294.0
15,1.0,4.0,295.0
16,1.0,4.0,296.0
19,4.0,3.0,297.0
17,3.0,2.0,298.0
20,5.0,2.0,299.0
19,4.0,3.0,300.0
18,4.0,3.0,301.0
18,3.0,3.0,302.0
19,3.0,4.0,303.0
18,4.0,4.0,304.0
17,2.0,5.0,305.0
18,3.0,6.0,306.0
17,4.0,6.0,307.0
16,4.0,6.0,308.0
16,1.0,5.0,309.0
11,1.0,5.0,310.0
17,1.0,4.0,311.0
20,2.0,2.0,312.0
16,0.0,1.0,313.0
20,2.0,1.0,314.0
18,1.0,1.0,315.0
10,1.0,2.0,316.0
14,3.0,1.0,317.0
12,2.0,1.0,318.0
18,5.0,1.0,319.0
19,5.0,0.0,320.0
20,4.0,1.0,321.0
17,3.0,1.0,322.0
19,4.0,1.0,323.0
17,3.0,1.0,324.0
19,3.0,1.0,325.0
20,4.0,2.0,326.0
18,4.0,1.0,327.0
18,4.0,2.0,328.0
20,4.0,2.0,329.0
20,5.0,2.0,330.0
14,6.0,0.0,331.0
10,2.0,0.0,332.0
14,2.0,0.0,333.0
19,2.0,2.0,334.0
19,2.0,2.0,335.0
13,1.0,1.0,336.0
11,1.0,2.0,337.0
19,3.0,1.0,338.0
18,2.0,2.0,339.0
15,3.0,2.0,340.0
18,3.0,2.0,341.0
19,2.0,3.0,342.0
16,1.0,3.0,343.0
19,4.0,3.0,344.0
19,3.0,3.0,345.0
16,3.0,2.0,346.0
16,2.0,2.0,347.0
17,3.0,2.0,348.0
20,4.0,4.0,349.0
18,4.0,4.0,350.0
18,6.0,3.0,351.0
17,5.0,3.0,352.0
16,4.0,2.0,353.0
20,6.0,3.0,354.0
17,6.0,3.0,355.0
18,4.0,5.0,356.0
19,6.0,4.0,357.0
20,5.0,4.0,358.0
20,3.0,5.0,359.0
17,2.0,3.0,360.0
15,2.0,2.0,361.0
13,3.0,1.0,362.0
16,5.0,3.0,363.0
20,3.0,3.0,364.0
18,3.0,4.0,365.0
20,6.0,4.0,90.0
19,5.0,4.0,91.0
20,7.0,4.0,92.0
18,5.0,4.0,93.0
15,5.0,3.0,94.0
18,6.0,6.0,95.0
18,6.0,6.0,96.0
14,5.0,6.0,97.0
19,4.0,4.0,98.0
18,5.0,4.0,99.0
18,7.0,4.0,100.0
20,9.0,4.0,101.0
19,6.0,6.0,102.0
20,5.0,6.0,103.0
17,4.0,5.0,104.0
19,3.0,4.0,105.0
20,3.0,7.0,106.0
20,3.0,8.0,107.0
18,4.0,7.0,108.0
20,5.0,7.0,109.0
20,5.0,8.0,110.0
18,2.0,4.0,111.0
20,2.0,5.0,112.0
19,2.0,4.0,113.0
19,4.0,4.0,114.0
20,4.0,3.0,115.0
19,4.0,3.0,116.0
20,4.0,2.0,117.0
16,2.0,2.0,118.0
18,3.0,4.0,119.0
19,3.0,4.0,120.0
20,3.0,3.0,121.0
19,3.0,5.0,122.0
19,4.0,5.0,123.0
19,4.0,5.0,124.0
17,5.0,4.0,125.0
17,2.0,3.0,126.0
18,2.0,3.0,127.0
15,3.0,5.0,128.0
20,4.0,5.0,129.0
19,3.0,5.0,130.0
18,3.0,6.0,131.0
19,4.0,6.0,132.0
20,5.0,6.0,133.0
19,5.0,5.0,134.0
17,4.0,6.0,135.0
18,4.0,6.0,136.0
18,4.0,7.0,137.0
20,4.0,8.0,138.0
18,4.0,8.0,139.0
19,3.0,7.0,140.0
19,2.0,6.0,141.0
20,2.0,6.0,142.0
17,2.0,5.0,143.0
18,1.0,6.0,144.0
20,2.0,6.0,145.0
19,3.0,7.0,146.0
20,4.0,7.0,147.0
20,5.0,6.0,148.0
20,2.0,3.0,149.0
19,1.0,6.0,150.0
18,3.0,6.0,151.0
17,0.0,4.0,152.0
20,0.0,4.0,153.0
18,0.0,4.0,154.0
19,1.0,5.0,155.0
18,0.0,6.0,156.0
17,1.0,6.0,157.0
20,2.0,8.0,158.0
20,2.0,7.0,159.0
18,2.0,7.0,160.0
17,3.0,6.0,161.0
16,3.0,4.0,162.0
19,3.0,4.0,163.0
20,3.0,4.0,164.0
16,2.0,3.0,165.0
16,4.0,2.0,166.0
15,4.0,3.0,167.0
20,6.0,3.0,168.0
20,3.0,3.0,169.0
18,3.0,2.0,170.0
20,4.0,3.0,171.0
20,4.0,5.0,172.0
19,4.0,6.0,173.0
19,4.0,5.0,174.0
20,5.0,6.0,175.0
20,2.0,5.0,176.0
18,2.0,4.0,177.0
18,1.0,4.0,178.0
17,2.0,3.0,179.0
16,2.0,3.0,180.0
20,3.0,3.0,181.0
19,4.0,3.0,182.0
17,3.0,2.0,183.0
13,4.0,2.0,184.0
17,4.0,3.0,185.0
19,4.0,4.0,186.0
16,3.0,2.0,187.0
14,2.0,3.0,188.0
17,4.0,3.0,189.0
15,4.0,3.0,190.0
17,4.0,3.0,191.0
15,3.0,1.0,192.0
15,4.0,1.0,193.0
19,4.0,3.0,194.0
17,5.0,3.0,195.0
20,7.0,2.0,196.0
16,5.0,2.0,197.0
12,5.0,3.0,198.0
13,4.0,3.0,199.0
11,4.0,2.0,200.0
15,5.0,1.0,201.0
20,8.0,1.0,202.0
12,4.0,1.0,203.0
13,2.0,1.0,204.0
14,4.0,2.0,205.0
19,6.0,2.0,206.0
14,5.0,2.0,207.0
13,5.0,2.0,208.0
12,5.0,2.0,209.0
13,4.0,2.0,210.0
13,3.0,1.0,211.0
18,3.0,1.0,212.0
16,2.0,1.0,213.0
16,2.0,3.0,214.0
20,4.0,4.0,215.0
19,4.0,4.0,216.0
19,4.0,4.0,217.0
16,4.0,3.0,218.0
15,4.0,3.0,219.0
16,4.0,2.0,220.0
19,5.0,2.0,221.0
20,5.0,2.0,222.0
19,2.0,3.0,223.0
19,2.0,4.0,224.0
18,2.0,3.0,225.0
19,1.0,2.0,226.0
19,3.0,2.0,227.0
18,4.0,3.0,228.0
16,2.0,4.0,229.0
17,2.0,2.0,230.0
19,3.0,3.0,231.0
18,4.0,3.0,232.0
16,3.0,4.0,233.0
16,3.0,4.0,234.0
16,3.0,4.0,235.0
17,3.0,4.0,236.0
17,1.0,4.0,237.0
20,2.0,5.0,238.0
19,2.0,6.0,239.0
16,2.0,5.0,240.0
13,3.0,4.0,241.0
15,2.0,4.0,242.0
17,1.0,4.0,243.0
20,0.0,4.0,244.0
20,0.0,4.0,245.0
19,0.0,4.0,246.0
20,0.0,3.0,247.0
20,0.0,3.0,248.0
20,1.0,5.0,249.0
16,2.0,4.0,250.0
15,1.0,4.0,251.0
16,3.0,2.0,252.0
20,5.0,2.0,253.0
19,5.0,3.0,254.0
18,4.0,3.0,255.0
19,5.0,2.0,256.0
17,3.0,2.0,257.0
19,4.0,3.0,258.0
18,4.0,3.0,259.0
18,4.0,4.0,260.0
19,6.0,4.0,261.0
18,5.0,4.0,262.0
20,6.0,3.0,263.0
20,5.0,1.0,264.0
16,5.0,1.0,265.0
20,5.0,2.0,266.0
19,4.0,3.0,267.0
20,5.0,2.0,268.0
20,8.0,3.0,269.0
20,8.0,4.0,270.0
20,4.0,4.0,271.0
19,5.0,5.0,272.0
19,5.0,6.0,273.0
18,5.0,4.0,274.0
20,4.0,4.0,275.0
19,4.0,3.0,276.0
17,1.0,4.0,277.0
18,1.0,2.0,278.0
20,2.0,3.0,279.0
20,4.0,3.0,280.0
20,6.0,3.0,281.0
19,4.0,5.0,282.0
19,4.0,5.0,283.0
17,4.0,5.0,284.0
18,4.0,5.0,285.0
20,5.0,6.0,286.0
20,3.0,5.0,287.0
15,3.0,5.0,288.0
15,3.0,4.0,289.0
20,3.0,2.0,290.0
18,4.0,3.0,291.0
15,3.0,3.0,292.0
20,3.0,4.0,293.0
19,5.0,4.0,294.0
18,7.0,4.0,295.0
19,6.0,4.0,296.0
19,4.0,5.0,297.0
19,4.0,7.0,298.0
19,4.0,5.0,299.0
17,4.0,5.0,300.0
20,6.0,5.0,301.0
17,5.0,3.0,302.0
18,4.0,4.0,303.0
20,4.0,4.0,304.0
17,3.0,5.0,305.0
16,2.0,3.0,306.0
20,3.0,3.0,307.0
20,3.0,4.0,308.0
14,1.0,3.0,309.0
13,2.0,2.0,310.0
12,3.0,3.0,311.0
14,4.0,3.0,312.0
16,2.0,3.0,313.0
20,1.0,3.0,314.0
18,2.0,4.0,315.0
17,2.0,2.0,316.0
19,4.0,4.0,317.0
18,5.0,5.0,318.0
19,5.0,5.0,319.0
20,4.0,5.0,320.0
20,4.0,8.0,321.0
19,3.0,7.0,322.0
18,4.0,8.0,323.0
20,5.0,9.0,324.0
20,5.0,9.0,325.0
14,2.0,8.0,326.0
20,6.0,7.0,327.0
18,5.0,7.0,328.0
20,6.0,6.0,329.0
19,5.0,5.0,330.0
19,4.0,5.0,331.0
18,4.0,6.0,332.0
20,4.0,7.0,333.0
20,4.0,8.0,334.0
18,3.0,9.0,335.0
18,5.0,7.0,336.0
20,5.0,7.0,337.0
20,4.0,8.0,338.0
19,4.0,8.0,339.0
20,4.0,6.0,340.0
19,3.0,5.0,341.0
19,3.0,5.0,342.0
14,3.0,3.0,343.0
19,4.0,3.0,344.0
20,6.0,3.0,345.0
20,6.0,3.0,346.0
16,5.0,3.0,347.0
20,5.0,3.0,348.0
19,6.0,3.0,349.0
17,6.0,3.0,350.0
17,5.0,4.0,351.0
19,6.0,4.0,352.0
18,5.0,4.0,353.0
20,6.0,4.0,354.0
19,7.0,4.0,355.0
18,8.0,2.0,356.0
19,7.0,2.0,357.0
19,6.0,1.0,358.0
18,8.0,1.0,359.0
19,7.0,0.0,360.0
20,8.0,1.0,361.0
20,8.0,2.0,362.0
19,6.0,2.0,363.0
20,7.0,2.0,364.0
15,5.0,2.0,365.0
